[{"model": "admin.logentry", "pk": 1, "fields": {"action_time": "2022-08-14T14:28:35.980Z", "user": 1, "content_type": 8, "object_id": "1", "object_repr": "1 puma future rider", "action_flag": 1, "change_message": "[{\"added\": {}}]"}}, {"model": "admin.logentry", "pk": 2, "fields": {"action_time": "2022-08-14T14:29:23.801Z", "user": 1, "content_type": 8, "object_id": "2", "object_repr": "2 reebok classic nylon", "action_flag": 1, "change_message": "[{\"added\": {}}]"}}, {"model": "admin.logentry", "pk": 3, "fields": {"action_time": "2022-08-14T14:30:43.983Z", "user": 1, "content_type": 9, "object_id": "1", "object_repr": "ProductImage object (1)", "action_flag": 1, "change_message": "[{\"added\": {}}]"}}, {"model": "admin.logentry", "pk": 4, "fields": {"action_time": "2022-08-14T14:31:11.119Z", "user": 1, "content_type": 9, "object_id": "1", "object_repr": "ProductImage object (1)", "action_flag": 2, "change_message": "[{\"changed\": {\"fields\": [\"Product\"]}}]"}}, {"model": "admin.logentry", "pk": 5, "fields": {"action_time": "2022-08-14T14:31:28.431Z", "user": 1, "content_type": 9, "object_id": "2", "object_repr": "ProductImage object (2)", "action_flag": 1, "change_message": "[{\"added\": {}}]"}}, {"model": "admin.logentry", "pk": 6, "fields": {"action_time": "2022-08-14T14:31:51.029Z", "user": 1, "content_type": 9, "object_id": "3", "object_repr": "ProductImage object (3)", "action_flag": 1, "change_message": "[{\"added\": {}}]"}}, {"model": "admin.logentry", "pk": 7, "fields": {"action_time": "2022-08-14T14:32:07.768Z", "user": 1, "content_type": 9, "object_id": "4", "object_repr": "ProductImage object (4)", "action_flag": 1, "change_message": "[{\"added\": {}}]"}}, {"model": "admin.logentry", "pk": 8, "fields": {"action_time": "2022-08-14T14:32:37.585Z", "user": 1, "content_type": 9, "object_id": "5", "object_repr": "ProductImage object (5)", "action_flag": 1, "change_message": "[{\"added\": {}}]"}}, {"model": "admin.logentry", "pk": 9, "fields": {"action_time": "2022-08-14T14:32:56.550Z", "user": 1, "content_type": 9, "object_id": "6", "object_repr": "ProductImage object (6)", "action_flag": 1, "change_message": "[{\"added\": {}}]"}}, {"model": "admin.logentry", "pk": 10, "fields": {"action_time": "2022-08-14T14:33:13.958Z", "user": 1, "content_type": 9, "object_id": "7", "object_repr": "ProductImage object (7)", "action_flag": 1, "change_message": "[{\"added\": {}}]"}}, {"model": "admin.logentry", "pk": 11, "fields": {"action_time": "2022-08-14T14:33:26.321Z", "user": 1, "content_type": 9, "object_id": "8", "object_repr": "ProductImage object (8)", "action_flag": 1, "change_message": "[{\"added\": {}}]"}}, {"model": "admin.logentry", "pk": 12, "fields": {"action_time": "2022-08-14T19:17:23.992Z", "user": 1, "content_type": 10, "object_id": "1", "object_repr": "x10 puma future rider size: 6", "action_flag": 1, "change_message": "[{\"added\": {}}]"}}, {"model": "admin.logentry", "pk": 13, "fields": {"action_time": "2022-08-14T19:17:37.683Z", "user": 1, "content_type": 10, "object_id": "2", "object_repr": "x7 puma future rider size: 8", "action_flag": 1, "change_message": "[{\"added\": {}}]"}}, {"model": "admin.logentry", "pk": 14, "fields": {"action_time": "2022-08-14T19:17:52.550Z", "user": 1, "content_type": 10, "object_id": "3", "object_repr": "x15 puma future rider size: 10", "action_flag": 1, "change_message": "[{\"added\": {}}]"}}, {"model": "admin.logentry", "pk": 15, "fields": {"action_time": "2022-08-14T19:18:08.925Z", "user": 1, "content_type": 10, "object_id": "4", "object_repr": "x10 puma future rider size: 14", "action_flag": 1, "change_message": "[{\"added\": {}}]"}}, {"model": "admin.logentry", "pk": 16, "fields": {"action_time": "2022-08-14T22:16:04.359Z", "user": 1, "content_type": 15, "object_id": "18", "object_repr": "10 of puma future rider", "action_flag": 2, "change_message": "[]"}}, {"model": "admin.logentry", "pk": 17, "fields": {"action_time": "2022-08-15T22:12:38.830Z", "user": 1, "content_type": 8, "object_id": "3", "object_repr": "3 new balance 574", "action_flag": 3, "change_message": ""}}, {"model": "admin.logentry", "pk": 18, "fields": {"action_time": "2022-08-15T22:14:47.299Z", "user": 1, "content_type": 8, "object_id": "4", "object_repr": "4 new balance 574", "action_flag": 3, "change_message": ""}}, {"model": "admin.logentry", "pk": 19, "fields": {"action_time": "2022-08-15T22:46:06.758Z", "user": 1, "content_type": 9, "object_id": "9", "object_repr": "ProductImage object (9)", "action_flag": 3, "change_message": ""}}, {"model": "admin.logentry", "pk": 20, "fields": {"action_time": "2022-08-16T00:22:39.182Z", "user": 1, "content_type": 9, "object_id": "10", "object_repr": "ProductImage object (10)", "action_flag": 3, "change_message": ""}}, {"model": "admin.logentry", "pk": 21, "fields": {"action_time": "2022-08-16T00:29:48.361Z", "user": 1, "content_type": 9, "object_id": "37", "object_repr": "ProductImage object (37)", "action_flag": 1, "change_message": "[{\"added\": {}}]"}}, {"model": "admin.logentry", "pk": 22, "fields": {"action_time": "2022-08-16T00:30:19.876Z", "user": 1, "content_type": 9, "object_id": "38", "object_repr": "ProductImage object (38)", "action_flag": 1, "change_message": "[{\"added\": {}}]"}}, {"model": "admin.logentry", "pk": 23, "fields": {"action_time": "2022-08-16T00:30:45.806Z", "user": 1, "content_type": 9, "object_id": "39", "object_repr": "ProductImage object (39)", "action_flag": 1, "change_message": "[{\"added\": {}}]"}}, {"model": "admin.logentry", "pk": 24, "fields": {"action_time": "2022-08-16T00:31:01.781Z", "user": 1, "content_type": 9, "object_id": "40", "object_repr": "ProductImage object (40)", "action_flag": 1, "change_message": "[{\"added\": {}}]"}}, {"model": "admin.logentry", "pk": 25, "fields": {"action_time": "2022-08-16T00:31:22.258Z", "user": 1, "content_type": 9, "object_id": "41", "object_repr": "ProductImage object (41)", "action_flag": 1, "change_message": "[{\"added\": {}}]"}}, {"model": "admin.logentry", "pk": 26, "fields": {"action_time": "2022-08-16T00:31:44.176Z", "user": 1, "content_type": 9, "object_id": "42", "object_repr": "ProductImage object (42)", "action_flag": 1, "change_message": "[{\"added\": {}}]"}}, {"model": "admin.logentry", "pk": 27, "fields": {"action_time": "2022-08-16T00:32:01.174Z", "user": 1, "content_type": 9, "object_id": "43", "object_repr": "ProductImage object (43)", "action_flag": 1, "change_message": "[{\"added\": {}}]"}}, {"model": "admin.logentry", "pk": 28, "fields": {"action_time": "2022-08-16T00:32:13.128Z", "user": 1, "content_type": 9, "object_id": "44", "object_repr": "ProductImage object (44)", "action_flag": 1, "change_message": "[{\"added\": {}}]"}}, {"model": "admin.logentry", "pk": 29, "fields": {"action_time": "2022-08-16T00:32:33.297Z", "user": 1, "content_type": 9, "object_id": "45", "object_repr": "ProductImage object (45)", "action_flag": 1, "change_message": "[{\"added\": {}}]"}}, {"model": "admin.logentry", "pk": 30, "fields": {"action_time": "2022-08-16T00:32:57.186Z", "user": 1, "content_type": 9, "object_id": "46", "object_repr": "ProductImage object (46)", "action_flag": 1, "change_message": "[{\"added\": {}}]"}}, {"model": "admin.logentry", "pk": 31, "fields": {"action_time": "2022-08-16T00:33:10.335Z", "user": 1, "content_type": 9, "object_id": "47", "object_repr": "ProductImage object (47)", "action_flag": 1, "change_message": "[{\"added\": {}}]"}}, {"model": "admin.logentry", "pk": 32, "fields": {"action_time": "2022-08-16T00:33:33.452Z", "user": 1, "content_type": 9, "object_id": "48", "object_repr": "ProductImage object (48)", "action_flag": 1, "change_message": "[{\"added\": {}}]"}}, {"model": "admin.logentry", "pk": 33, "fields": {"action_time": "2022-08-16T00:33:49.308Z", "user": 1, "content_type": 9, "object_id": "49", "object_repr": "ProductImage object (49)", "action_flag": 1, "change_message": "[{\"added\": {}}]"}}, {"model": "admin.logentry", "pk": 34, "fields": {"action_time": "2022-08-16T00:34:15.321Z", "user": 1, "content_type": 9, "object_id": "50", "object_repr": "ProductImage object (50)", "action_flag": 1, "change_message": "[{\"added\": {}}]"}}, {"model": "admin.logentry", "pk": 35, "fields": {"action_time": "2022-08-16T00:35:58.029Z", "user": 1, "content_type": 9, "object_id": "50", "object_repr": "ProductImage object (50)", "action_flag": 2, "change_message": "[{\"changed\": {\"fields\": [\"Image\"]}}]"}}, {"model": "admin.logentry", "pk": 36, "fields": {"action_time": "2022-08-16T00:36:14.916Z", "user": 1, "content_type": 9, "object_id": "51", "object_repr": "ProductImage object (51)", "action_flag": 1, "change_message": "[{\"added\": {}}]"}}, {"model": "admin.logentry", "pk": 37, "fields": {"action_time": "2022-08-16T00:36:22.415Z", "user": 1, "content_type": 9, "object_id": "48", "object_repr": "ProductImage object (48)", "action_flag": 2, "change_message": "[]"}}, {"model": "admin.logentry", "pk": 38, "fields": {"action_time": "2022-08-16T00:36:40.828Z", "user": 1, "content_type": 9, "object_id": "52", "object_repr": "ProductImage object (52)", "action_flag": 1, "change_message": "[{\"added\": {}}]"}}, {"model": "admin.logentry", "pk": 39, "fields": {"action_time": "2022-08-16T00:36:54.242Z", "user": 1, "content_type": 9, "object_id": "53", "object_repr": "ProductImage object (53)", "action_flag": 1, "change_message": "[{\"added\": {}}]"}}, {"model": "admin.logentry", "pk": 40, "fields": {"action_time": "2022-08-16T00:37:36.227Z", "user": 1, "content_type": 9, "object_id": "54", "object_repr": "ProductImage object (54)", "action_flag": 1, "change_message": "[{\"added\": {}}]"}}, {"model": "admin.logentry", "pk": 41, "fields": {"action_time": "2022-08-16T00:37:56.037Z", "user": 1, "content_type": 9, "object_id": "55", "object_repr": "ProductImage object (55)", "action_flag": 1, "change_message": "[{\"added\": {}}]"}}, {"model": "admin.logentry", "pk": 42, "fields": {"action_time": "2022-08-16T00:39:13.018Z", "user": 1, "content_type": 9, "object_id": "54", "object_repr": "ProductImage object (54)", "action_flag": 2, "change_message": "[]"}}, {"model": "admin.logentry", "pk": 43, "fields": {"action_time": "2022-08-16T00:39:36.955Z", "user": 1, "content_type": 9, "object_id": "56", "object_repr": "ProductImage object (56)", "action_flag": 1, "change_message": "[{\"added\": {}}]"}}, {"model": "admin.logentry", "pk": 44, "fields": {"action_time": "2022-08-16T00:39:52.315Z", "user": 1, "content_type": 9, "object_id": "57", "object_repr": "ProductImage object (57)", "action_flag": 1, "change_message": "[{\"added\": {}}]"}}, {"model": "admin.logentry", "pk": 45, "fields": {"action_time": "2022-08-16T00:40:22.316Z", "user": 1, "content_type": 9, "object_id": "58", "object_repr": "ProductImage object (58)", "action_flag": 1, "change_message": "[{\"added\": {}}]"}}, {"model": "admin.logentry", "pk": 46, "fields": {"action_time": "2022-08-16T00:40:35.905Z", "user": 1, "content_type": 9, "object_id": "59", "object_repr": "ProductImage object (59)", "action_flag": 1, "change_message": "[{\"added\": {}}]"}}, {"model": "admin.logentry", "pk": 47, "fields": {"action_time": "2022-08-16T00:40:55.357Z", "user": 1, "content_type": 9, "object_id": "60", "object_repr": "ProductImage object (60)", "action_flag": 1, "change_message": "[{\"added\": {}}]"}}, {"model": "admin.logentry", "pk": 48, "fields": {"action_time": "2022-08-16T00:41:29.901Z", "user": 1, "content_type": 9, "object_id": "61", "object_repr": "ProductImage object (61)", "action_flag": 1, "change_message": "[{\"added\": {}}]"}}, {"model": "admin.logentry", "pk": 49, "fields": {"action_time": "2022-08-16T00:41:45.582Z", "user": 1, "content_type": 9, "object_id": "62", "object_repr": "ProductImage object (62)", "action_flag": 1, "change_message": "[{\"added\": {}}]"}}, {"model": "admin.logentry", "pk": 50, "fields": {"action_time": "2022-08-16T00:41:58.371Z", "user": 1, "content_type": 9, "object_id": "63", "object_repr": "ProductImage object (63)", "action_flag": 1, "change_message": "[{\"added\": {}}]"}}, {"model": "admin.logentry", "pk": 51, "fields": {"action_time": "2022-08-16T00:42:27.857Z", "user": 1, "content_type": 9, "object_id": "64", "object_repr": "ProductImage object (64)", "action_flag": 1, "change_message": "[{\"added\": {}}]"}}, {"model": "admin.logentry", "pk": 52, "fields": {"action_time": "2022-08-16T00:42:54.281Z", "user": 1, "content_type": 9, "object_id": "65", "object_repr": "ProductImage object (65)", "action_flag": 1, "change_message": "[{\"added\": {}}]"}}, {"model": "admin.logentry", "pk": 53, "fields": {"action_time": "2022-08-16T00:43:11.994Z", "user": 1, "content_type": 9, "object_id": "66", "object_repr": "ProductImage object (66)", "action_flag": 1, "change_message": "[{\"added\": {}}]"}}, {"model": "admin.logentry", "pk": 54, "fields": {"action_time": "2022-08-16T00:43:41.940Z", "user": 1, "content_type": 9, "object_id": "67", "object_repr": "ProductImage object (67)", "action_flag": 1, "change_message": "[{\"added\": {}}]"}}, {"model": "admin.logentry", "pk": 55, "fields": {"action_time": "2022-08-16T00:45:28.906Z", "user": 1, "content_type": 9, "object_id": "68", "object_repr": "ProductImage object (68)", "action_flag": 1, "change_message": "[{\"added\": {}}]"}}, {"model": "admin.logentry", "pk": 56, "fields": {"action_time": "2022-08-16T00:45:51.333Z", "user": 1, "content_type": 9, "object_id": "69", "object_repr": "ProductImage object (69)", "action_flag": 1, "change_message": "[{\"added\": {}}]"}}, {"model": "admin.logentry", "pk": 57, "fields": {"action_time": "2022-08-16T00:46:06.073Z", "user": 1, "content_type": 9, "object_id": "70", "object_repr": "ProductImage object (70)", "action_flag": 1, "change_message": "[{\"added\": {}}]"}}, {"model": "admin.logentry", "pk": 58, "fields": {"action_time": "2022-08-16T00:46:49.703Z", "user": 1, "content_type": 9, "object_id": "71", "object_repr": "ProductImage object (71)", "action_flag": 1, "change_message": "[{\"added\": {}}]"}}, {"model": "admin.logentry", "pk": 59, "fields": {"action_time": "2022-08-16T00:47:06.084Z", "user": 1, "content_type": 9, "object_id": "72", "object_repr": "ProductImage object (72)", "action_flag": 1, "change_message": "[{\"added\": {}}]"}}, {"model": "admin.logentry", "pk": 60, "fields": {"action_time": "2022-08-16T00:47:26.633Z", "user": 1, "content_type": 9, "object_id": "73", "object_repr": "ProductImage object (73)", "action_flag": 1, "change_message": "[{\"added\": {}}]"}}, {"model": "admin.logentry", "pk": 61, "fields": {"action_time": "2022-08-16T00:47:40.247Z", "user": 1, "content_type": 9, "object_id": "74", "object_repr": "ProductImage object (74)", "action_flag": 1, "change_message": "[{\"added\": {}}]"}}, {"model": "admin.logentry", "pk": 62, "fields": {"action_time": "2022-08-16T00:47:59.638Z", "user": 1, "content_type": 9, "object_id": "75", "object_repr": "ProductImage object (75)", "action_flag": 1, "change_message": "[{\"added\": {}}]"}}, {"model": "admin.logentry", "pk": 63, "fields": {"action_time": "2022-08-16T00:48:25.340Z", "user": 1, "content_type": 9, "object_id": "76", "object_repr": "ProductImage object (76)", "action_flag": 1, "change_message": "[{\"added\": {}}]"}}, {"model": "admin.logentry", "pk": 64, "fields": {"action_time": "2022-08-16T00:48:39.983Z", "user": 1, "content_type": 9, "object_id": "77", "object_repr": "ProductImage object (77)", "action_flag": 1, "change_message": "[{\"added\": {}}]"}}, {"model": "admin.logentry", "pk": 65, "fields": {"action_time": "2022-08-16T00:48:57.495Z", "user": 1, "content_type": 9, "object_id": "78", "object_repr": "ProductImage object (78)", "action_flag": 1, "change_message": "[{\"added\": {}}]"}}, {"model": "admin.logentry", "pk": 66, "fields": {"action_time": "2022-08-16T00:49:20.530Z", "user": 1, "content_type": 9, "object_id": "79", "object_repr": "ProductImage object (79)", "action_flag": 1, "change_message": "[{\"added\": {}}]"}}, {"model": "admin.logentry", "pk": 67, "fields": {"action_time": "2022-08-16T00:49:32.208Z", "user": 1, "content_type": 9, "object_id": "80", "object_repr": "ProductImage object (80)", "action_flag": 1, "change_message": "[{\"added\": {}}]"}}, {"model": "admin.logentry", "pk": 68, "fields": {"action_time": "2022-08-16T00:49:45.418Z", "user": 1, "content_type": 9, "object_id": "81", "object_repr": "ProductImage object (81)", "action_flag": 1, "change_message": "[{\"added\": {}}]"}}, {"model": "admin.logentry", "pk": 69, "fields": {"action_time": "2022-08-16T00:49:58.326Z", "user": 1, "content_type": 9, "object_id": "82", "object_repr": "ProductImage object (82)", "action_flag": 1, "change_message": "[{\"added\": {}}]"}}, {"model": "admin.logentry", "pk": 70, "fields": {"action_time": "2022-08-16T00:51:18.909Z", "user": 1, "content_type": 9, "object_id": "83", "object_repr": "ProductImage object (83)", "action_flag": 1, "change_message": "[{\"added\": {}}]"}}, {"model": "admin.logentry", "pk": 71, "fields": {"action_time": "2022-08-16T00:51:35.048Z", "user": 1, "content_type": 9, "object_id": "84", "object_repr": "ProductImage object (84)", "action_flag": 1, "change_message": "[{\"added\": {}}]"}}, {"model": "admin.logentry", "pk": 72, "fields": {"action_time": "2022-08-16T00:51:55.837Z", "user": 1, "content_type": 9, "object_id": "85", "object_repr": "ProductImage object (85)", "action_flag": 1, "change_message": "[{\"added\": {}}]"}}, {"model": "admin.logentry", "pk": 73, "fields": {"action_time": "2022-08-16T00:52:21.089Z", "user": 1, "content_type": 9, "object_id": "86", "object_repr": "ProductImage object (86)", "action_flag": 1, "change_message": "[{\"added\": {}}]"}}, {"model": "admin.logentry", "pk": 74, "fields": {"action_time": "2022-08-16T00:52:34.380Z", "user": 1, "content_type": 9, "object_id": "87", "object_repr": "ProductImage object (87)", "action_flag": 1, "change_message": "[{\"added\": {}}]"}}, {"model": "admin.logentry", "pk": 75, "fields": {"action_time": "2022-08-16T00:53:08.853Z", "user": 1, "content_type": 9, "object_id": "88", "object_repr": "ProductImage object (88)", "action_flag": 1, "change_message": "[{\"added\": {}}]"}}, {"model": "admin.logentry", "pk": 76, "fields": {"action_time": "2022-08-16T00:53:30.972Z", "user": 1, "content_type": 9, "object_id": "89", "object_repr": "ProductImage object (89)", "action_flag": 1, "change_message": "[{\"added\": {}}]"}}, {"model": "admin.logentry", "pk": 77, "fields": {"action_time": "2022-08-16T00:53:45.137Z", "user": 1, "content_type": 9, "object_id": "90", "object_repr": "ProductImage object (90)", "action_flag": 1, "change_message": "[{\"added\": {}}]"}}, {"model": "admin.logentry", "pk": 78, "fields": {"action_time": "2022-08-16T00:54:08.582Z", "user": 1, "content_type": 9, "object_id": "91", "object_repr": "ProductImage object (91)", "action_flag": 1, "change_message": "[{\"added\": {}}]"}}, {"model": "admin.logentry", "pk": 79, "fields": {"action_time": "2022-08-16T00:54:29.988Z", "user": 1, "content_type": 9, "object_id": "92", "object_repr": "ProductImage object (92)", "action_flag": 1, "change_message": "[{\"added\": {}}]"}}, {"model": "admin.logentry", "pk": 80, "fields": {"action_time": "2022-08-16T00:54:45.070Z", "user": 1, "content_type": 9, "object_id": "93", "object_repr": "ProductImage object (93)", "action_flag": 1, "change_message": "[{\"added\": {}}]"}}, {"model": "admin.logentry", "pk": 81, "fields": {"action_time": "2022-08-16T00:55:06.443Z", "user": 1, "content_type": 9, "object_id": "94", "object_repr": "ProductImage object (94)", "action_flag": 1, "change_message": "[{\"added\": {}}]"}}, {"model": "admin.logentry", "pk": 82, "fields": {"action_time": "2022-08-16T00:55:23.709Z", "user": 1, "content_type": 9, "object_id": "95", "object_repr": "ProductImage object (95)", "action_flag": 1, "change_message": "[{\"added\": {}}]"}}, {"model": "admin.logentry", "pk": 83, "fields": {"action_time": "2022-08-16T00:55:38.903Z", "user": 1, "content_type": 9, "object_id": "96", "object_repr": "ProductImage object (96)", "action_flag": 1, "change_message": "[{\"added\": {}}]"}}, {"model": "admin.logentry", "pk": 84, "fields": {"action_time": "2022-08-16T00:55:54.230Z", "user": 1, "content_type": 9, "object_id": "97", "object_repr": "ProductImage object (97)", "action_flag": 1, "change_message": "[{\"added\": {}}]"}}, {"model": "admin.logentry", "pk": 85, "fields": {"action_time": "2022-08-16T00:56:07.233Z", "user": 1, "content_type": 9, "object_id": "98", "object_repr": "ProductImage object (98)", "action_flag": 1, "change_message": "[{\"added\": {}}]"}}, {"model": "admin.logentry", "pk": 86, "fields": {"action_time": "2022-08-16T01:09:49.451Z", "user": 1, "content_type": 9, "object_id": "72", "object_repr": "72 nike air jordan 5", "action_flag": 2, "change_message": "[{\"changed\": {\"fields\": [\"Product\"]}}]"}}, {"model": "admin.logentry", "pk": 87, "fields": {"action_time": "2022-08-16T01:10:15.861Z", "user": 1, "content_type": 9, "object_id": "67", "object_repr": "67 nike af1 low", "action_flag": 2, "change_message": "[{\"changed\": {\"fields\": [\"Image\"]}}]"}}, {"model": "admin.logentry", "pk": 88, "fields": {"action_time": "2022-08-16T01:11:58.258Z", "user": 1, "content_type": 9, "object_id": "75", "object_repr": "75 jordan jumpman pro", "action_flag": 2, "change_message": "[{\"changed\": {\"fields\": [\"Image\"]}}]"}}, {"model": "admin.logentry", "pk": 89, "fields": {"action_time": "2022-08-16T01:13:20.793Z", "user": 1, "content_type": 9, "object_id": "71", "object_repr": "71 nike air jordan 5", "action_flag": 2, "change_message": "[{\"changed\": {\"fields\": [\"Image\"]}}]"}}, {"model": "admin.logentry", "pk": 90, "fields": {"action_time": "2022-08-16T01:15:48.653Z", "user": 1, "content_type": 9, "object_id": "58", "object_repr": "58 nike react vision", "action_flag": 2, "change_message": "[{\"changed\": {\"fields\": [\"Image\"]}}]"}}, {"model": "admin.logentry", "pk": 91, "fields": {"action_time": "2022-08-16T01:19:53.081Z", "user": 1, "content_type": 9, "object_id": "39", "object_repr": "39 nike air jordan 1 mid se", "action_flag": 2, "change_message": "[{\"changed\": {\"fields\": [\"Image\"]}}]"}}, {"model": "admin.logentry", "pk": 92, "fields": {"action_time": "2022-08-16T01:20:32.100Z", "user": 1, "content_type": 9, "object_id": "42", "object_repr": "42 nike air max 270", "action_flag": 2, "change_message": "[{\"changed\": {\"fields\": [\"Image\"]}}]"}}, {"model": "admin.logentry", "pk": 93, "fields": {"action_time": "2022-08-16T13:57:34.918Z", "user": 1, "content_type": 16, "object_id": "7", "object_repr": "admins@admin.com", "action_flag": 3, "change_message": ""}}, {"model": "admin.logentry", "pk": 94, "fields": {"action_time": "2022-08-16T13:57:34.922Z", "user": 1, "content_type": 16, "object_id": "6", "object_repr": "admins@admin.com", "action_flag": 3, "change_message": ""}}, {"model": "admin.logentry", "pk": 95, "fields": {"action_time": "2022-08-16T13:57:34.926Z", "user": 1, "content_type": 16, "object_id": "5", "object_repr": "admins@admin.com", "action_flag": 3, "change_message": ""}}, {"model": "admin.logentry", "pk": 96, "fields": {"action_time": "2022-08-16T13:57:34.929Z", "user": 1, "content_type": 16, "object_id": "4", "object_repr": "admins@admin.com", "action_flag": 3, "change_message": ""}}, {"model": "admin.logentry", "pk": 97, "fields": {"action_time": "2022-08-16T13:57:34.932Z", "user": 1, "content_type": 16, "object_id": "3", "object_repr": "admins@admin.com", "action_flag": 3, "change_message": ""}}, {"model": "admin.logentry", "pk": 98, "fields": {"action_time": "2022-08-16T14:13:18.978Z", "user": 1, "content_type": 16, "object_id": "17", "object_repr": "admins@admin.com", "action_flag": 3, "change_message": ""}}, {"model": "admin.logentry", "pk": 99, "fields": {"action_time": "2022-08-16T14:13:18.993Z", "user": 1, "content_type": 16, "object_id": "16", "object_repr": "admins@admin.com", "action_flag": 3, "change_message": ""}}, {"model": "admin.logentry", "pk": 100, "fields": {"action_time": "2022-08-16T14:13:18.996Z", "user": 1, "content_type": 16, "object_id": "15", "object_repr": "admins@admin.com", "action_flag": 3, "change_message": ""}}, {"model": "admin.logentry", "pk": 101, "fields": {"action_time": "2022-08-16T14:13:18.999Z", "user": 1, "content_type": 16, "object_id": "14", "object_repr": "admins@admin.com", "action_flag": 3, "change_message": ""}}, {"model": "admin.logentry", "pk": 102, "fields": {"action_time": "2022-08-16T14:13:19.002Z", "user": 1, "content_type": 16, "object_id": "13", "object_repr": "admins@admin.com", "action_flag": 3, "change_message": ""}}, {"model": "admin.logentry", "pk": 103, "fields": {"action_time": "2022-08-16T14:13:19.005Z", "user": 1, "content_type": 16, "object_id": "12", "object_repr": "admins@admin.com", "action_flag": 3, "change_message": ""}}, {"model": "admin.logentry", "pk": 104, "fields": {"action_time": "2022-08-16T14:13:19.008Z", "user": 1, "content_type": 16, "object_id": "11", "object_repr": "admins@admin.com", "action_flag": 3, "change_message": ""}}, {"model": "admin.logentry", "pk": 105, "fields": {"action_time": "2022-08-16T14:13:19.011Z", "user": 1, "content_type": 16, "object_id": "10", "object_repr": "admins@admin.com", "action_flag": 3, "change_message": ""}}, {"model": "admin.logentry", "pk": 106, "fields": {"action_time": "2022-08-16T14:13:19.019Z", "user": 1, "content_type": 16, "object_id": "9", "object_repr": "admins@admin.com", "action_flag": 3, "change_message": ""}}, {"model": "admin.logentry", "pk": 107, "fields": {"action_time": "2022-08-16T14:14:55.791Z", "user": 1, "content_type": 15, "object_id": "26", "object_repr": "1 of adidas racer tr21 x lego", "action_flag": 3, "change_message": ""}}, {"model": "admin.logentry", "pk": 108, "fields": {"action_time": "2022-08-16T14:14:55.806Z", "user": 1, "content_type": 15, "object_id": "25", "object_repr": "1 of adidas racer tr21 x lego", "action_flag": 3, "change_message": ""}}, {"model": "admin.logentry", "pk": 109, "fields": {"action_time": "2022-08-16T14:14:55.809Z", "user": 1, "content_type": 15, "object_id": "24", "object_repr": "1 of adidas racer tr21 x lego", "action_flag": 3, "change_message": ""}}, {"model": "admin.logentry", "pk": 110, "fields": {"action_time": "2022-08-16T14:14:55.812Z", "user": 1, "content_type": 15, "object_id": "23", "object_repr": "1 of adidas racer tr21 x lego", "action_flag": 3, "change_message": ""}}, {"model": "admin.logentry", "pk": 111, "fields": {"action_time": "2022-08-16T14:14:55.815Z", "user": 1, "content_type": 15, "object_id": "22", "object_repr": "1 of adidas racer tr21 x lego", "action_flag": 3, "change_message": ""}}, {"model": "admin.logentry", "pk": 112, "fields": {"action_time": "2022-08-16T14:14:55.818Z", "user": 1, "content_type": 15, "object_id": "21", "object_repr": "10 of puma future rider", "action_flag": 3, "change_message": ""}}, {"model": "admin.logentry", "pk": 113, "fields": {"action_time": "2022-08-16T14:14:55.822Z", "user": 1, "content_type": 15, "object_id": "20", "object_repr": "10 of puma future rider", "action_flag": 3, "change_message": ""}}, {"model": "admin.logentry", "pk": 114, "fields": {"action_time": "2022-08-16T14:14:55.825Z", "user": 1, "content_type": 15, "object_id": "19", "object_repr": "10 of puma future rider", "action_flag": 3, "change_message": ""}}, {"model": "admin.logentry", "pk": 115, "fields": {"action_time": "2022-08-16T14:14:55.829Z", "user": 1, "content_type": 15, "object_id": "18", "object_repr": "10 of puma future rider", "action_flag": 3, "change_message": ""}}, {"model": "admin.logentry", "pk": 116, "fields": {"action_time": "2022-08-16T14:14:55.832Z", "user": 1, "content_type": 15, "object_id": "17", "object_repr": "10 of puma future rider", "action_flag": 3, "change_message": ""}}, {"model": "admin.logentry", "pk": 117, "fields": {"action_time": "2022-08-16T14:14:55.835Z", "user": 1, "content_type": 15, "object_id": "16", "object_repr": "10 of puma future rider", "action_flag": 3, "change_message": ""}}, {"model": "admin.logentry", "pk": 118, "fields": {"action_time": "2022-08-16T14:14:55.839Z", "user": 1, "content_type": 15, "object_id": "15", "object_repr": "10 of reebok classic nylon", "action_flag": 3, "change_message": ""}}, {"model": "admin.logentry", "pk": 119, "fields": {"action_time": "2022-08-16T14:14:55.843Z", "user": 1, "content_type": 15, "object_id": "14", "object_repr": "10 of reebok classic nylon", "action_flag": 3, "change_message": ""}}, {"model": "admin.logentry", "pk": 120, "fields": {"action_time": "2022-08-16T14:14:55.846Z", "user": 1, "content_type": 15, "object_id": "13", "object_repr": "10 of reebok classic nylon", "action_flag": 3, "change_message": ""}}, {"model": "admin.logentry", "pk": 121, "fields": {"action_time": "2022-08-16T14:14:55.850Z", "user": 1, "content_type": 15, "object_id": "12", "object_repr": "10 of reebok classic nylon", "action_flag": 3, "change_message": ""}}, {"model": "admin.logentry", "pk": 122, "fields": {"action_time": "2022-08-16T14:14:55.853Z", "user": 1, "content_type": 15, "object_id": "11", "object_repr": "10 of reebok classic nylon", "action_flag": 3, "change_message": ""}}, {"model": "admin.logentry", "pk": 123, "fields": {"action_time": "2022-08-16T14:14:55.856Z", "user": 1, "content_type": 15, "object_id": "10", "object_repr": "1 of reebok classic nylon", "action_flag": 3, "change_message": ""}}, {"model": "admin.logentry", "pk": 124, "fields": {"action_time": "2022-08-16T14:14:55.860Z", "user": 1, "content_type": 15, "object_id": "9", "object_repr": "1 of puma future rider", "action_flag": 3, "change_message": ""}}, {"model": "admin.logentry", "pk": 125, "fields": {"action_time": "2022-08-16T14:14:55.864Z", "user": 1, "content_type": 15, "object_id": "8", "object_repr": "1 of puma future rider", "action_flag": 3, "change_message": ""}}, {"model": "admin.logentry", "pk": 126, "fields": {"action_time": "2022-08-16T14:14:55.867Z", "user": 1, "content_type": 15, "object_id": "7", "object_repr": "1 of puma future rider", "action_flag": 3, "change_message": ""}}, {"model": "admin.logentry", "pk": 127, "fields": {"action_time": "2022-08-16T14:14:55.870Z", "user": 1, "content_type": 15, "object_id": "6", "object_repr": "1 of puma future rider", "action_flag": 3, "change_message": ""}}, {"model": "admin.logentry", "pk": 128, "fields": {"action_time": "2022-08-16T14:14:55.873Z", "user": 1, "content_type": 15, "object_id": "5", "object_repr": "1 of puma future rider", "action_flag": 3, "change_message": ""}}, {"model": "admin.logentry", "pk": 129, "fields": {"action_time": "2022-08-16T14:14:55.876Z", "user": 1, "content_type": 15, "object_id": "4", "object_repr": "1 of puma future rider", "action_flag": 3, "change_message": ""}}, {"model": "admin.logentry", "pk": 130, "fields": {"action_time": "2022-08-16T14:14:55.879Z", "user": 1, "content_type": 15, "object_id": "3", "object_repr": "1 of puma future rider", "action_flag": 3, "change_message": ""}}, {"model": "admin.logentry", "pk": 131, "fields": {"action_time": "2022-08-16T14:14:55.882Z", "user": 1, "content_type": 15, "object_id": "2", "object_repr": "1 of puma future rider", "action_flag": 3, "change_message": ""}}, {"model": "admin.logentry", "pk": 132, "fields": {"action_time": "2022-08-16T14:14:55.885Z", "user": 1, "content_type": 15, "object_id": "1", "object_repr": "1 of puma future rider", "action_flag": 3, "change_message": ""}}, {"model": "auth.permission", "pk": 1, "fields": {"name": "Can add log entry", "content_type": 1, "codename": "add_logentry"}}, {"model": "auth.permission", "pk": 2, "fields": {"name": "Can change log entry", "content_type": 1, "codename": "change_logentry"}}, {"model": "auth.permission", "pk": 3, "fields": {"name": "Can delete log entry", "content_type": 1, "codename": "delete_logentry"}}, {"model": "auth.permission", "pk": 4, "fields": {"name": "Can view log entry", "content_type": 1, "codename": "view_logentry"}}, {"model": "auth.permission", "pk": 5, "fields": {"name": "Can add permission", "content_type": 2, "codename": "add_permission"}}, {"model": "auth.permission", "pk": 6, "fields": {"name": "Can change permission", "content_type": 2, "codename": "change_permission"}}, {"model": "auth.permission", "pk": 7, "fields": {"name": "Can delete permission", "content_type": 2, "codename": "delete_permission"}}, {"model": "auth.permission", "pk": 8, "fields": {"name": "Can view permission", "content_type": 2, "codename": "view_permission"}}, {"model": "auth.permission", "pk": 9, "fields": {"name": "Can add group", "content_type": 3, "codename": "add_group"}}, {"model": "auth.permission", "pk": 10, "fields": {"name": "Can change group", "content_type": 3, "codename": "change_group"}}, {"model": "auth.permission", "pk": 11, "fields": {"name": "Can delete group", "content_type": 3, "codename": "delete_group"}}, {"model": "auth.permission", "pk": 12, "fields": {"name": "Can view group", "content_type": 3, "codename": "view_group"}}, {"model": "auth.permission", "pk": 13, "fields": {"name": "Can add user", "content_type": 4, "codename": "add_user"}}, {"model": "auth.permission", "pk": 14, "fields": {"name": "Can change user", "content_type": 4, "codename": "change_user"}}, {"model": "auth.permission", "pk": 15, "fields": {"name": "Can delete user", "content_type": 4, "codename": "delete_user"}}, {"model": "auth.permission", "pk": 16, "fields": {"name": "Can view user", "content_type": 4, "codename": "view_user"}}, {"model": "auth.permission", "pk": 17, "fields": {"name": "Can add content type", "content_type": 5, "codename": "add_contenttype"}}, {"model": "auth.permission", "pk": 18, "fields": {"name": "Can change content type", "content_type": 5, "codename": "change_contenttype"}}, {"model": "auth.permission", "pk": 19, "fields": {"name": "Can delete content type", "content_type": 5, "codename": "delete_contenttype"}}, {"model": "auth.permission", "pk": 20, "fields": {"name": "Can view content type", "content_type": 5, "codename": "view_contenttype"}}, {"model": "auth.permission", "pk": 21, "fields": {"name": "Can add session", "content_type": 6, "codename": "add_session"}}, {"model": "auth.permission", "pk": 22, "fields": {"name": "Can change session", "content_type": 6, "codename": "change_session"}}, {"model": "auth.permission", "pk": 23, "fields": {"name": "Can delete session", "content_type": 6, "codename": "delete_session"}}, {"model": "auth.permission", "pk": 24, "fields": {"name": "Can view session", "content_type": 6, "codename": "view_session"}}, {"model": "auth.permission", "pk": 25, "fields": {"name": "Can add auth token", "content_type": 7, "codename": "add_authtoken"}}, {"model": "auth.permission", "pk": 26, "fields": {"name": "Can change auth token", "content_type": 7, "codename": "change_authtoken"}}, {"model": "auth.permission", "pk": 27, "fields": {"name": "Can delete auth token", "content_type": 7, "codename": "delete_authtoken"}}, {"model": "auth.permission", "pk": 28, "fields": {"name": "Can view auth token", "content_type": 7, "codename": "view_authtoken"}}, {"model": "auth.permission", "pk": 29, "fields": {"name": "Can add product", "content_type": 8, "codename": "add_product"}}, {"model": "auth.permission", "pk": 30, "fields": {"name": "Can change product", "content_type": 8, "codename": "change_product"}}, {"model": "auth.permission", "pk": 31, "fields": {"name": "Can delete product", "content_type": 8, "codename": "delete_product"}}, {"model": "auth.permission", "pk": 32, "fields": {"name": "Can view product", "content_type": 8, "codename": "view_product"}}, {"model": "auth.permission", "pk": 33, "fields": {"name": "Can add product image", "content_type": 9, "codename": "add_productimage"}}, {"model": "auth.permission", "pk": 34, "fields": {"name": "Can change product image", "content_type": 9, "codename": "change_productimage"}}, {"model": "auth.permission", "pk": 35, "fields": {"name": "Can delete product image", "content_type": 9, "codename": "delete_productimage"}}, {"model": "auth.permission", "pk": 36, "fields": {"name": "Can view product image", "content_type": 9, "codename": "view_productimage"}}, {"model": "auth.permission", "pk": 37, "fields": {"name": "Can add product stock", "content_type": 10, "codename": "add_productstock"}}, {"model": "auth.permission", "pk": 38, "fields": {"name": "Can change product stock", "content_type": 10, "codename": "change_productstock"}}, {"model": "auth.permission", "pk": 39, "fields": {"name": "Can delete product stock", "content_type": 10, "codename": "delete_productstock"}}, {"model": "auth.permission", "pk": 40, "fields": {"name": "Can view product stock", "content_type": 10, "codename": "view_productstock"}}, {"model": "auth.permission", "pk": 41, "fields": {"name": "Can add voucher", "content_type": 11, "codename": "add_voucher"}}, {"model": "auth.permission", "pk": 42, "fields": {"name": "Can change voucher", "content_type": 11, "codename": "change_voucher"}}, {"model": "auth.permission", "pk": 43, "fields": {"name": "Can delete voucher", "content_type": 11, "codename": "delete_voucher"}}, {"model": "auth.permission", "pk": 44, "fields": {"name": "Can view voucher", "content_type": 11, "codename": "view_voucher"}}, {"model": "auth.permission", "pk": 45, "fields": {"name": "Can add refund", "content_type": 12, "codename": "add_refund"}}, {"model": "auth.permission", "pk": 46, "fields": {"name": "Can change refund", "content_type": 12, "codename": "change_refund"}}, {"model": "auth.permission", "pk": 47, "fields": {"name": "Can delete refund", "content_type": 12, "codename": "delete_refund"}}, {"model": "auth.permission", "pk": 48, "fields": {"name": "Can view refund", "content_type": 12, "codename": "view_refund"}}, {"model": "auth.permission", "pk": 49, "fields": {"name": "Can add payment", "content_type": 13, "codename": "add_payment"}}, {"model": "auth.permission", "pk": 50, "fields": {"name": "Can change payment", "content_type": 13, "codename": "change_payment"}}, {"model": "auth.permission", "pk": 51, "fields": {"name": "Can delete payment", "content_type": 13, "codename": "delete_payment"}}, {"model": "auth.permission", "pk": 52, "fields": {"name": "Can view payment", "content_type": 13, "codename": "view_payment"}}, {"model": "auth.permission", "pk": 53, "fields": {"name": "Can add order", "content_type": 14, "codename": "add_order"}}, {"model": "auth.permission", "pk": 54, "fields": {"name": "Can change order", "content_type": 14, "codename": "change_order"}}, {"model": "auth.permission", "pk": 55, "fields": {"name": "Can delete order", "content_type": 14, "codename": "delete_order"}}, {"model": "auth.permission", "pk": 56, "fields": {"name": "Can view order", "content_type": 14, "codename": "view_order"}}, {"model": "auth.permission", "pk": 57, "fields": {"name": "Can add order item", "content_type": 15, "codename": "add_orderitem"}}, {"model": "auth.permission", "pk": 58, "fields": {"name": "Can change order item", "content_type": 15, "codename": "change_orderitem"}}, {"model": "auth.permission", "pk": 59, "fields": {"name": "Can delete order item", "content_type": 15, "codename": "delete_orderitem"}}, {"model": "auth.permission", "pk": 60, "fields": {"name": "Can view order item", "content_type": 15, "codename": "view_orderitem"}}, {"model": "auth.permission", "pk": 61, "fields": {"name": "Can add address", "content_type": 16, "codename": "add_address"}}, {"model": "auth.permission", "pk": 62, "fields": {"name": "Can change address", "content_type": 16, "codename": "change_address"}}, {"model": "auth.permission", "pk": 63, "fields": {"name": "Can delete address", "content_type": 16, "codename": "delete_address"}}, {"model": "auth.permission", "pk": 64, "fields": {"name": "Can view address", "content_type": 16, "codename": "view_address"}}, {"model": "auth.user", "pk": 1, "fields": {"password": "pbkdf2_sha256$390000$HXt1UYHBWzGePdd9Qhbtjk$L5/l8OtBpnJH79PBOU3ItW6sVvof4nzMDgyeJK2qDeI=", "last_login": "2022-08-22T16:21:26.532Z", "is_superuser": true, "username": "admin", "first_name": "", "last_name": "", "email": "admin@admin.com", "is_staff": true, "is_active": true, "date_joined": "2022-08-14T14:26:55.939Z", "groups": [], "user_permissions": []}}, {"model": "auth.user", "pk": 2, "fields": {"password": "pbkdf2_sha256$390000$qnIVUaXR7mc7zod4p9aWxn$F+PZJu6E7FM8psrrmFYzXlhzcQDxECC/UXjV/ajxHgA=", "last_login": null, "is_superuser": false, "username": "fefe@fefe.com", "first_name": "fefe", "last_name": "fufu", "email": "fefe@fefe.com", "is_staff": false, "is_active": true, "date_joined": "2022-08-15T17:58:54.952Z", "groups": [], "user_permissions": []}}, {"model": "contenttypes.contenttype", "pk": 1, "fields": {"app_label": "admin", "model": "logentry"}}, {"model": "contenttypes.contenttype", "pk": 2, "fields": {"app_label": "auth", "model": "permission"}}, {"model": "contenttypes.contenttype", "pk": 3, "fields": {"app_label": "auth", "model": "group"}}, {"model": "contenttypes.contenttype", "pk": 4, "fields": {"app_label": "auth", "model": "user"}}, {"model": "contenttypes.contenttype", "pk": 5, "fields": {"app_label": "contenttypes", "model": "contenttype"}}, {"model": "contenttypes.contenttype", "pk": 6, "fields": {"app_label": "sessions", "model": "session"}}, {"model": "contenttypes.contenttype", "pk": 7, "fields": {"app_label": "knox", "model": "authtoken"}}, {"model": "contenttypes.contenttype", "pk": 8, "fields": {"app_label": "product", "model": "product"}}, {"model": "contenttypes.contenttype", "pk": 9, "fields": {"app_label": "product", "model": "productimage"}}, {"model": "contenttypes.contenttype", "pk": 10, "fields": {"app_label": "product", "model": "productstock"}}, {"model": "contenttypes.contenttype", "pk": 11, "fields": {"app_label": "order", "model": "voucher"}}, {"model": "contenttypes.contenttype", "pk": 12, "fields": {"app_label": "order", "model": "refund"}}, {"model": "contenttypes.contenttype", "pk": 13, "fields": {"app_label": "order", "model": "payment"}}, {"model": "contenttypes.contenttype", "pk": 14, "fields": {"app_label": "order", "model": "order"}}, {"model": "contenttypes.contenttype", "pk": 15, "fields": {"app_label": "order", "model": "orderitem"}}, {"model": "contenttypes.contenttype", "pk": 16, "fields": {"app_label": "order", "model": "address"}}, {"model": "sessions.session", "pk": "6vl167tkpmveafekyp3fuxvniaq9fl6z", "fields": {"session_data": ".eJxVjMEOwiAQRP-FsyFAoYhH734DWXZZqRpISnsy_rtt0oMeZ96beYsI61Li2vMcJxIXocXpt0uAz1x3QA-o9yax1WWektwVedAub43y63q4fwcFetnWDjNrnRyM2gbHrAxvIUCm8-CRHVnjU0YENsabADSogV3A5Kyika34fAEHHTi-:1oNiJv:espmnviJB6giJe-rPfCSF32yaAMS0hf_b5iwdE488L8", "expire_date": "2022-08-29T22:12:27.630Z"}}, {"model": "sessions.session", "pk": "7888z56upovnw8u6iqrhupjfks1qfnwn", "fields": {"session_data": ".eJxVjMEOwiAQRP-FsyFAoYhH734DWXZZqRpISnsy_rtt0oMeZ96beYsI61Li2vMcJxIXocXpt0uAz1x3QA-o9yax1WWektwVedAub43y63q4fwcFetnWDjNrnRyM2gbHrAxvIUCm8-CRHVnjU0YENsabADSogV3A5Kyika34fAEHHTi-:1oNLbw:sLAynj0IYYjKr1AF4Hb-erJj1-pHaCh8i8xpqsOEW80", "expire_date": "2022-08-28T21:57:32.636Z"}}, {"model": "sessions.session", "pk": "bjweqqnllto6v9hpsq1phcdch4rzny3n", "fields": {"session_data": ".eJxVjMEOwiAQRP-FsyFAoYhH734DWXZZqRpISnsy_rtt0oMeZ96beYsI61Li2vMcJxIXocXpt0uAz1x3QA-o9yax1WWektwVedAub43y63q4fwcFetnWDjNrnRyM2gbHrAxvIUCm8-CRHVnjU0YENsabADSogV3A5Kyika34fAEHHTi-:1oNwuK:UDV3JMgzIA6il7SHXERXK0N43RpMveWfkpzMn6Uk6EM", "expire_date": "2022-08-30T13:47:00.566Z"}}, {"model": "sessions.session", "pk": "srbhczk98o9hqt9a6edvc1oaccugpdd2", "fields": {"session_data": ".eJxVjMEOwiAQRP-FsyFAoYhH734DWXZZqRpISnsy_rtt0oMeZ96beYsI61Li2vMcJxIXocXpt0uAz1x3QA-o9yax1WWektwVedAub43y63q4fwcFetnWDjNrnRyM2gbHrAxvIUCm8-CRHVnjU0YENsabADSogV3A5Kyika34fAEHHTi-:1oQAB4:8Adm2LEzcuK9agbZ_v9_8aM8PEmyDCKZIiN6Xr9ugWg", "expire_date": "2022-09-05T16:21:26.538Z"}}, {"model": "sessions.session", "pk": "wz3xhbgwq5gkucf06ft77s6v1f4b2oim", "fields": {"session_data": ".eJxVjMEOwiAQRP-FsyFAoYhH734DWXZZqRpISnsy_rtt0oMeZ96beYsI61Li2vMcJxIXocXpt0uAz1x3QA-o9yax1WWektwVedAub43y63q4fwcFetnWDjNrnRyM2gbHrAxvIUCm8-CRHVnjU0YENsabADSogV3A5Kyika34fAEHHTi-:1oNEaA:bB5BZPhDTm3lkqJq1EHz_moSCA9wM58S1ZlCtXUUzfw", "expire_date": "2022-08-28T14:27:14.398Z"}}, {"model": "knox.authtoken", "pk": "0b9871828ac23343b32367ba08ddd68b6d6930d3dc1904465916c60487cd95124a4b44cc3b631b70fb473118388b293a6e41235e3e52d019dc91a1373ca9c455", "fields": {"token_key": "b53e4b77", "user": 1, "created": "2022-08-18T11:29:22.942Z", "expiry": "2022-08-18T21:29:22.942Z"}}, {"model": "knox.authtoken", "pk": "2a8a2087df9acd575ac963d1e2aa7e6cebf1f52c6210c390f60cf92d102bc655f059f5ec8536b2367892569fcb55b42681cef80076979915227e35b250093c41", "fields": {"token_key": "b58061d5", "user": 1, "created": "2022-08-17T19:24:23.511Z", "expiry": "2022-08-18T05:24:23.511Z"}}, {"model": "knox.authtoken", "pk": "76b7bed9df824f6c3fe585b808cf81ef089342f3bb856f4a5eb19f3cb267f8e287e7f920c6bf2a5e7f437f01c049f732a8df2fc2c781509d70dbabdc48d85fab", "fields": {"token_key": "20d47357", "user": 2, "created": "2022-08-15T17:58:55.451Z", "expiry": "2022-08-16T03:58:55.451Z"}}, {"model": "product.product", "pk": 1, "fields": {"category": "men", "name": "puma future rider", "slug": "pumafuturerider", "description": "Lorem ipsum dolor sit amet, consetetur sadipscing elitr, sed diam nonumy eirmod tempor invidunt ut labore et dolore magna aliquyam erat, sed diam voluptua. At vero eos et accusam et justo duo dolores et ea rebum. Stet clita kasd gubergren, no sea takimata sanctus est Lorem ipsum dolor sit amet. Lorem ipsum dolor sit amet, consetetur sadipscing elitr, sed diam nonumy eirmod tempor invidunt ut labore et dolore magna aliquyam erat, sed diam voluptua. At vero eos et accusam et justo duo dolores et ea rebum. Stet clita kasd gubergren, no sea takimata sanctus est Lorem ipsum dolor sit amet.\r\nLorem ipsum dolor sit amet, consetetur sadipscing elitr, sed diam nonumy eirmod tempor invidunt ut labore et dolore magna aliquyam erat, sed diam voluptua. At vero eos et accusam et justo duo dolores et ea rebum. Stet", "price": 1499.99, "discount_price": null, "date_added": "2022-08-14T14:28:35.979Z"}}, {"model": "product.product", "pk": 2, "fields": {"category": "men", "name": "reebok classic nylon", "slug": "reebokclassicnylon", "description": "Lorem ipsum dolor sit amet, consetetur sadipscing elitr, sed diam nonumy eirmod tempor invidunt ut labore et dolore magna aliquyam erat, sed diam voluptua. At vero eos et accusam et justo duo dolores et ea rebum. Stet clita kasd gubergren, no sea takimata sanctus est Lorem ipsum dolor sit amet. Lorem ipsum dolor sit amet, consetetur sadipscing elitr, sed diam nonumy eirmod tempor invidunt ut labore et dolore magna aliquyam erat, sed diam voluptua. At vero eos et accusam et justo duo dolores et ea rebum. Stet clita kasd gubergren, no sea takimata sanctus est Lorem ipsum dolor sit amet.\r\nLorem ipsum dolor sit amet, consetetur sadipscing elitr, sed diam nonumy eirmod tempor invidunt ut labore et dolore magna aliquyam erat, sed diam voluptua. At vero eos et accusam et justo duo dolores et ea rebum. Stet", "price": 1399.99, "discount_price": null, "date_added": "2022-08-14T14:29:23.800Z"}}, {"model": "product.product", "pk": 5, "fields": {"category": "women", "name": "new balance 574", "slug": "newbalance574", "description": "Lorem ipsum dolor sit amet, consetetur sadipscing elitr, sed diam nonumy eirmod tempor invidunt ut labore et dolore magna aliquyam erat, sed diam voluptua. At vero eos et accusam et justo duo dolores et ea rebum. Stet clita kasd gubergren, no sea takimata sanctus est Lorem ipsum dolor sit amet. Lorem ipsum dolor sit amet, consetetur sadipscing elitr, sed diam nonumy eirmod tempor invidunt ut labore et dolore magna aliquyam erat, sed diam voluptua. At vero eos et accusam et justo duo dolores et ea rebum. Stet clita kasd gubergren, no sea takimata sanctus est Lorem ipsum dolor sit amet.", "price": 1399.99, "discount_price": null, "date_added": "2022-08-15T22:14:29.003Z"}}, {"model": "product.product", "pk": 6, "fields": {"category": "women", "name": "nike air jordan 1 mid se", "slug": "nikeairjordan1midse", "description": "Lorem ipsum dolor sit amet, consetetur sadipscing elitr, sed diam nonumy eirmod tempor invidunt ut labore et dolore magna aliquyam erat, sed diam voluptua. At vero eos et accusam et justo duo dolores et ea rebum. Stet clita kasd gubergren, no sea takimata sanctus est Lorem ipsum dolor sit amet. Lorem ipsum dolor sit amet, consetetur sadipscing elitr, sed diam nonumy eirmod tempor invidunt ut labore et dolore magna aliquyam erat, sed diam voluptua. At vero eos et accusam et justo duo dolores et ea rebum. Stet clita kasd gubergren, no sea takimata sanctus est Lorem ipsum dolor sit amet.", "price": 2299.99, "discount_price": null, "date_added": "2022-08-15T22:16:09.900Z"}}, {"model": "product.product", "pk": 7, "fields": {"category": "women", "name": "nike air max 270", "slug": "nikeairmax270", "description": "Lorem ipsum dolor sit amet, consetetur sadipscing elitr, sed diam nonumy eirmod tempor invidunt ut labore et dolore magna aliquyam erat, sed diam voluptua. At vero eos et accusam et justo duo dolores et ea rebum. Stet clita kasd gubergren, no sea takimata sanctus est Lorem ipsum dolor sit amet. Lorem ipsum dolor sit amet, consetetur sadipscing elitr, sed diam nonumy eirmod tempor invidunt ut labore et dolore magna aliquyam erat, sed diam voluptua. At vero eos et accusam et justo duo dolores et ea rebum. Stet clita kasd gubergren, no sea takimata sanctus est Lorem ipsum dolor sit amet.", "price": 1999.99, "discount_price": null, "date_added": "2022-08-15T22:16:39.183Z"}}, {"model": "product.product", "pk": 8, "fields": {"category": "women", "name": "puma cali wedge", "slug": "pumacaliwedge", "description": "Lorem ipsum dolor sit amet, consetetur sadipscing elitr, sed diam nonumy eirmod tempor invidunt ut labore et dolore magna aliquyam erat, sed diam voluptua. At vero eos et accusam et justo duo dolores et ea rebum. Stet clita kasd gubergren, no sea takimata sanctus est Lorem ipsum dolor sit amet. Lorem ipsum dolor sit amet, consetetur sadipscing elitr, sed diam nonumy eirmod tempor invidunt ut labore et dolore magna aliquyam erat, sed diam voluptua. At vero eos et accusam et justo duo dolores et ea rebum. Stet clita kasd gubergren, no sea takimata sanctus est Lorem ipsum dolor sit amet.", "price": 1299.99, "discount_price": null, "date_added": "2022-08-15T22:17:24.852Z"}}, {"model": "product.product", "pk": 9, "fields": {"category": "women", "name": "puma cardi b classic leather", "slug": "pumacardibclassicleather", "description": "Lorem ipsum dolor sit amet, consetetur sadipscing elitr, sed diam nonumy eirmod tempor invidunt ut labore et dolore magna aliquyam erat, sed diam voluptua. At vero eos et accusam et justo duo dolores et ea rebum. Stet clita kasd gubergren, no sea takimata sanctus est Lorem ipsum dolor sit amet. Lorem ipsum dolor sit amet, consetetur sadipscing elitr, sed diam nonumy eirmod tempor invidunt ut labore et dolore magna aliquyam erat, sed diam voluptua. At vero eos et accusam et justo duo dolores et ea rebum. Stet clita kasd gubergren, no sea takimata sanctus est Lorem ipsum dolor sit amet.", "price": 1499.99, "discount_price": null, "date_added": "2022-08-15T22:18:08.129Z"}}, {"model": "product.product", "pk": 10, "fields": {"category": "women", "name": "puma classic leather", "slug": "pumaclassicleather", "description": "Lorem ipsum dolor sit amet, consetetur sadipscing elitr, sed diam nonumy eirmod tempor invidunt ut labore et dolore magna aliquyam erat, sed diam voluptua. At vero eos et accusam et justo duo dolores et ea rebum. Stet clita kasd gubergren, no sea takimata sanctus est Lorem ipsum dolor sit amet. Lorem ipsum dolor sit amet, consetetur sadipscing elitr, sed diam nonumy eirmod tempor invidunt ut labore et dolore magna aliquyam erat, sed diam voluptua. At vero eos et accusam et justo duo dolores et ea rebum. Stet clita kasd gubergren, no sea takimata sanctus est Lorem ipsum dolor sit amet.", "price": 1399.99, "discount_price": null, "date_added": "2022-08-15T22:18:31.145Z"}}, {"model": "product.product", "pk": 11, "fields": {"category": "women", "name": "puma defy mid", "slug": "pumadefymid", "description": "Lorem ipsum dolor sit amet, consetetur sadipscing elitr, sed diam nonumy eirmod tempor invidunt ut labore et dolore magna aliquyam erat, sed diam voluptua. At vero eos et accusam et justo duo dolores et ea rebum. Stet clita kasd gubergren, no sea takimata sanctus est Lorem ipsum dolor sit amet. Lorem ipsum dolor sit amet, consetetur sadipscing elitr, sed diam nonumy eirmod tempor invidunt ut labore et dolore magna aliquyam erat, sed diam voluptua. At vero eos et accusam et justo duo dolores et ea rebum. Stet clita kasd gubergren, no sea takimata sanctus est Lorem ipsum dolor sit amet.", "price": 1899.99, "discount_price": null, "date_added": "2022-08-15T22:19:02.427Z"}}, {"model": "product.product", "pk": 12, "fields": {"category": "women", "name": "reebok fit dmx 2", "slug": "reebokfitdmx2", "description": "Lorem ipsum dolor sit amet, consetetur sadipscing elitr, sed diam nonumy eirmod tempor invidunt ut labore et dolore magna aliquyam erat, sed diam voluptua. At vero eos et accusam et justo duo dolores et ea rebum. Stet clita kasd gubergren, no sea takimata sanctus est Lorem ipsum dolor sit amet. Lorem ipsum dolor sit amet, consetetur sadipscing elitr, sed diam nonumy eirmod tempor invidunt ut labore et dolore magna aliquyam erat, sed diam voluptua. At vero eos et accusam et justo duo dolores et ea rebum. Stet clita kasd gubergren, no sea takimata sanctus est Lorem ipsum dolor sit amet.", "price": 1699.99, "discount_price": null, "date_added": "2022-08-15T22:19:47.856Z"}}, {"model": "product.product", "pk": 13, "fields": {"category": "women", "name": "reebok nano trainer", "slug": "reeboknanotrainer", "description": "Lorem ipsum dolor sit amet, consetetur sadipscing elitr, sed diam nonumy eirmod tempor invidunt ut labore et dolore magna aliquyam erat, sed diam voluptua. At vero eos et accusam et justo duo dolores et ea rebum. Stet clita kasd gubergren, no sea takimata sanctus est Lorem ipsum dolor sit amet. Lorem ipsum dolor sit amet, consetetur sadipscing elitr, sed diam nonumy eirmod tempor invidunt ut labore et dolore magna aliquyam erat, sed diam voluptua. At vero eos et accusam et justo duo dolores et ea rebum. Stet clita kasd gubergren, no sea takimata sanctus est Lorem ipsum dolor sit amet.", "price": 1599.99, "discount_price": null, "date_added": "2022-08-15T22:20:26.337Z"}}, {"model": "product.product", "pk": 14, "fields": {"category": "women", "name": "nike react vision", "slug": "nikereactvision", "description": "Lorem ipsum dolor sit amet, consetetur sadipscing elitr, sed diam nonumy eirmod tempor invidunt ut labore et dolore magna aliquyam erat, sed diam voluptua. At vero eos et accusam et justo duo dolores et ea rebum. Stet clita kasd gubergren, no sea takimata sanctus est Lorem ipsum dolor sit amet. Lorem ipsum dolor sit amet, consetetur sadipscing elitr, sed diam nonumy eirmod tempor invidunt ut labore et dolore magna aliquyam erat, sed diam voluptua. At vero eos et accusam et justo duo dolores et ea rebum. Stet clita kasd gubergren, no sea takimata sanctus est Lorem ipsum dolor sit amet.", "price": 1899.99, "discount_price": null, "date_added": "2022-08-15T22:20:53.418Z"}}, {"model": "product.product", "pk": 15, "fields": {"category": "women", "name": "reebok club c 85 vintage", "slug": "reebokclubc85vintage", "description": "Lorem ipsum dolor sit amet, consetetur sadipscing elitr, sed diam nonumy eirmod tempor invidunt ut labore et dolore magna aliquyam erat, sed diam voluptua. At vero eos et accusam et justo duo dolores et ea rebum. Stet clita kasd gubergren, no sea takimata sanctus est Lorem ipsum dolor sit amet. Lorem ipsum dolor sit amet, consetetur sadipscing elitr, sed diam nonumy eirmod tempor invidunt ut labore et dolore magna aliquyam erat, sed diam voluptua. At vero eos et accusam et justo duo dolores et ea rebum. Stet clita kasd gubergren, no sea takimata sanctus est Lorem ipsum dolor sit amet.", "price": 1799.99, "discount_price": null, "date_added": "2022-08-15T22:21:29.797Z"}}, {"model": "product.product", "pk": 16, "fields": {"category": "women", "name": "adidas rich mnisi nmd", "slug": "adidasrichmnisinmd", "description": "Lorem ipsum dolor sit amet, consetetur sadipscing elitr, sed diam nonumy eirmod tempor invidunt ut labore et dolore magna aliquyam erat, sed diam voluptua. At vero eos et accusam et justo duo dolores et ea rebum. Stet clita kasd gubergren, no sea takimata sanctus est Lorem ipsum dolor sit amet. Lorem ipsum dolor sit amet, consetetur sadipscing elitr, sed diam nonumy eirmod tempor invidunt ut labore et dolore magna aliquyam erat, sed diam voluptua. At vero eos et accusam et justo duo dolores et ea rebum. Stet clita kasd gubergren, no sea takimata sanctus est Lorem ipsum dolor sit amet.", "price": 2599.99, "discount_price": null, "date_added": "2022-08-15T22:22:21.865Z"}}, {"model": "product.product", "pk": 17, "fields": {"category": "men", "name": "nike af1 low", "slug": "nikeaf1low", "description": "Lorem ipsum dolor sit amet, consetetur sadipscing elitr, sed diam nonumy eirmod tempor invidunt ut labore et dolore magna aliquyam erat, sed diam voluptua. At vero eos et accusam et justo duo dolores et ea rebum. Stet clita kasd gubergren, no sea takimata sanctus est Lorem ipsum dolor sit amet. Lorem ipsum dolor sit amet, consetetur sadipscing elitr, sed diam nonumy eirmod tempor invidunt ut labore et dolore magna aliquyam erat, sed diam voluptua. At vero eos et accusam et justo duo dolores et ea rebum. Stet clita kasd gubergren, no sea takimata sanctus est Lorem ipsum dolor sit amet.", "price": 1999.99, "discount_price": null, "date_added": "2022-08-15T22:24:49.580Z"}}, {"model": "product.product", "pk": 18, "fields": {"category": "men", "name": "new balance ct574 v1", "slug": "newbalancect574v1", "description": "Lorem ipsum dolor sit amet, consetetur sadipscing elitr, sed diam nonumy eirmod tempor invidunt ut labore et dolore magna aliquyam erat, sed diam voluptua. At vero eos et accusam et justo duo dolores et ea rebum. Stet clita kasd gubergren, no sea takimata sanctus est Lorem ipsum dolor sit amet. Lorem ipsum dolor sit amet, consetetur sadipscing elitr, sed diam nonumy eirmod tempor invidunt ut labore et dolore magna aliquyam erat, sed diam voluptua. At vero eos et accusam et justo duo dolores et ea rebum. Stet clita kasd gubergren, no sea takimata sanctus est Lorem ipsum dolor sit amet.", "price": 1799.99, "discount_price": null, "date_added": "2022-08-15T22:25:43.077Z"}}, {"model": "product.product", "pk": 19, "fields": {"category": "men", "name": "nike air jordan 5", "slug": "nikeairjordan5", "description": "Lorem ipsum dolor sit amet, consetetur sadipscing elitr, sed diam nonumy eirmod tempor invidunt ut labore et dolore magna aliquyam erat, sed diam voluptua. At vero eos et accusam et justo duo dolores et ea rebum. Stet clita kasd gubergren, no sea takimata sanctus est Lorem ipsum dolor sit amet. Lorem ipsum dolor sit amet, consetetur sadipscing elitr, sed diam nonumy eirmod tempor invidunt ut labore et dolore magna aliquyam erat, sed diam voluptua. At vero eos et accusam et justo duo dolores et ea rebum. Stet clita kasd gubergren, no sea takimata sanctus est Lorem ipsum dolor sit amet.", "price": 2799.99, "discount_price": null, "date_added": "2022-08-15T22:26:33.240Z"}}, {"model": "product.product", "pk": 20, "fields": {"category": "men", "name": "jordan jumpman pro", "slug": "jordanjumpmanpro", "description": "Lorem ipsum dolor sit amet, consetetur sadipscing elitr, sed diam nonumy eirmod tempor invidunt ut labore et dolore magna aliquyam erat, sed diam voluptua. At vero eos et accusam et justo duo dolores et ea rebum. Stet clita kasd gubergren, no sea takimata sanctus est Lorem ipsum dolor sit amet. Lorem ipsum dolor sit amet, consetetur sadipscing elitr, sed diam nonumy eirmod tempor invidunt ut labore et dolore magna aliquyam erat, sed diam voluptua. At vero eos et accusam et justo duo dolores et ea rebum. Stet clita kasd gubergren, no sea takimata sanctus est Lorem ipsum dolor sit amet.", "price": 2799.99, "discount_price": null, "date_added": "2022-08-15T22:27:16.063Z"}}, {"model": "product.product", "pk": 21, "fields": {"category": "men", "name": "reebok kamaikaze ii low", "slug": "reebokkamaikazeiilow", "description": "Lorem ipsum dolor sit amet, consetetur sadipscing elitr, sed diam nonumy eirmod tempor invidunt ut labore et dolore magna aliquyam erat, sed diam voluptua. At vero eos et accusam et justo duo dolores et ea rebum. Stet clita kasd gubergren, no sea takimata sanctus est Lorem ipsum dolor sit amet. Lorem ipsum dolor sit amet, consetetur sadipscing elitr, sed diam nonumy eirmod tempor invidunt ut labore et dolore magna aliquyam erat, sed diam voluptua. At vero eos et accusam et justo duo dolores et ea rebum. Stet clita kasd gubergren, no sea takimata sanctus est Lorem ipsum dolor sit amet.", "price": 2199.99, "discount_price": null, "date_added": "2022-08-15T22:28:00.055Z"}}, {"model": "product.product", "pk": 22, "fields": {"category": "men", "name": "reebok looney tunes club c 85", "slug": "reeboklooneytunesclubc85", "description": "Lorem ipsum dolor sit amet, consetetur sadipscing elitr, sed diam nonumy eirmod tempor invidunt ut labore et dolore magna aliquyam erat, sed diam voluptua. At vero eos et accusam et justo duo dolores et ea rebum. Stet clita kasd gubergren, no sea takimata sanctus est Lorem ipsum dolor sit amet. Lorem ipsum dolor sit amet, consetetur sadipscing elitr, sed diam nonumy eirmod tempor invidunt ut labore et dolore magna aliquyam erat, sed diam voluptua. At vero eos et accusam et justo duo dolores et ea rebum. Stet clita kasd gubergren, no sea takimata sanctus est Lorem ipsum dolor sit amet.", "price": 1899.99, "discount_price": null, "date_added": "2022-08-15T22:28:46.881Z"}}, {"model": "product.product", "pk": 23, "fields": {"category": "men", "name": "puma mb.01 basketball", "slug": "pumamb01basketball", "description": "Lorem ipsum dolor sit amet, consetetur sadipscing elitr, sed diam nonumy eirmod tempor invidunt ut labore et dolore magna aliquyam erat, sed diam voluptua. At vero eos et accusam et justo duo dolores et ea rebum. Stet clita kasd gubergren, no sea takimata sanctus est Lorem ipsum dolor sit amet. Lorem ipsum dolor sit amet, consetetur sadipscing elitr, sed diam nonumy eirmod tempor invidunt ut labore et dolore magna aliquyam erat, sed diam voluptua. At vero eos et accusam et justo duo dolores et ea rebum. Stet clita kasd gubergren, no sea takimata sanctus est Lorem ipsum dolor sit amet.", "price": 1899.99, "discount_price": null, "date_added": "2022-08-15T22:30:02.414Z"}}, {"model": "product.product", "pk": 24, "fields": {"category": "men", "name": "adidas niteball", "slug": "adidasniteball", "description": "Lorem ipsum dolor sit amet, consetetur sadipscing elitr, sed diam nonumy eirmod tempor invidunt ut labore et dolore magna aliquyam erat, sed diam voluptua. At vero eos et accusam et justo duo dolores et ea rebum. Stet clita kasd gubergren, no sea takimata sanctus est Lorem ipsum dolor sit amet. Lorem ipsum dolor sit amet, consetetur sadipscing elitr, sed diam nonumy eirmod tempor invidunt ut labore et dolore magna aliquyam erat, sed diam voluptua. At vero eos et accusam et justo duo dolores et ea rebum. Stet clita kasd gubergren, no sea takimata sanctus est Lorem ipsum dolor sit amet.", "price": 1999.99, "discount_price": null, "date_added": "2022-08-15T22:30:45.260Z"}}, {"model": "product.product", "pk": 25, "fields": {"category": "men", "name": "puma r78 trainers", "slug": "pumar78trainers", "description": "Lorem ipsum dolor sit amet, consetetur sadipscing elitr, sed diam nonumy eirmod tempor invidunt ut labore et dolore magna aliquyam erat, sed diam voluptua. At vero eos et accusam et justo duo dolores et ea rebum. Stet clita kasd gubergren, no sea takimata sanctus est Lorem ipsum dolor sit amet. Lorem ipsum dolor sit amet, consetetur sadipscing elitr, sed diam nonumy eirmod tempor invidunt ut labore et dolore magna aliquyam erat, sed diam voluptua. At vero eos et accusam et justo duo dolores et ea rebum. Stet clita kasd gubergren, no sea takimata sanctus est Lorem ipsum dolor sit amet.", "price": 1999.99, "discount_price": null, "date_added": "2022-08-15T22:31:45.116Z"}}, {"model": "product.product", "pk": 26, "fields": {"category": "men", "name": "adidas racer tr21 x lego", "slug": "adidasracertr21xlego", "description": "Lorem ipsum dolor sit amet, consetetur sadipscing elitr, sed diam nonumy eirmod tempor invidunt ut labore et dolore magna aliquyam erat, sed diam voluptua. At vero eos et accusam et justo duo dolores et ea rebum. Stet clita kasd gubergren, no sea takimata sanctus est Lorem ipsum dolor sit amet. Lorem ipsum dolor sit amet, consetetur sadipscing elitr, sed diam nonumy eirmod tempor invidunt ut labore et dolore magna aliquyam erat, sed diam voluptua. At vero eos et accusam et justo duo dolores et ea rebum. Stet clita kasd gubergren, no sea takimata sanctus est Lorem ipsum dolor sit amet.", "price": 2999.99, "discount_price": null, "date_added": "2022-08-15T22:32:23.736Z"}}, {"model": "product.productimage", "pk": 0, "fields": {"product": 6, "image": "image/upload/v1660612792/rl7sxsefeiqdezmhx9en.webp"}}, {"model": "product.productimage", "pk": 1, "fields": {"product": 2, "image": "image/upload/v1660487443/wkp2qzcvxgwk869pzyub.webp"}}, {"model": "product.productimage", "pk": 2, "fields": {"product": 2, "image": "image/upload/v1660487487/bpygotvz4bwfe6oiqcwj.webp"}}, {"model": "product.productimage", "pk": 3, "fields": {"product": 2, "image": "image/upload/v1660487510/ss4cylbrhjdd92xnjjzb.jpg"}}, {"model": "product.productimage", "pk": 4, "fields": {"product": 2, "image": "image/upload/v1660487527/rqm5nr2mgapvamtww4oa.webp"}}, {"model": "product.productimage", "pk": 5, "fields": {"product": 1, "image": "image/upload/v1660487557/dyxmi5y5ue8e5eaccwy9.webp"}}, {"model": "product.productimage", "pk": 6, "fields": {"product": 1, "image": "image/upload/v1660487576/kk32tb5zdmue6mqqge7j.webp"}}, {"model": "product.productimage", "pk": 7, "fields": {"product": 1, "image": "image/upload/v1660487592/y8d2kkyzanpcakmmc4wb.webp"}}, {"model": "product.productimage", "pk": 8, "fields": {"product": 1, "image": "image/upload/v1660487605/wjldsyxfdgdqkftuofwd.webp"}}, {"model": "product.productimage", "pk": 9, "fields": {"product": 5, "image": "image/upload/v1660609787/mpq4yupjaff6vxbr6gth.jpg"}}, {"model": "product.productimage", "pk": 10, "fields": {"product": 5, "image": "image/upload/v1660609819/ynzwspupflwf7tmqkexw.jpg"}}, {"model": "product.productimage", "pk": 12, "fields": {"product": 6, "image": "image/upload/v1660609861/ratgcpm9l4llqlwiobsv.webp"}}, {"model": "product.productimage", "pk": 13, "fields": {"product": 6, "image": "image/upload/v1660609881/qdu9hlvljbwv5ost4sym.jpg"}}, {"model": "product.productimage", "pk": 14, "fields": {"product": 7, "image": "image/upload/v1660612831/pn1qotcrejimdftqopni.webp"}}, {"model": "product.productimage", "pk": 15, "fields": {"product": 7, "image": "image/upload/v1660609920/mg16tgqpuyyh4emnsto3.webp"}}, {"model": "product.productimage", "pk": 16, "fields": {"product": 7, "image": "image/upload/v1660609932/jmpxpjdaawdfngsyfsan.webp"}}, {"model": "product.productimage", "pk": 17, "fields": {"product": 8, "image": "image/upload/v1660609952/w9rn78oggfgwifkt0330.webp"}}, {"model": "product.productimage", "pk": 18, "fields": {"product": 8, "image": "image/upload/v1660609976/o8frv5pffsqtz9radzmr.webp"}}, {"model": "product.productimage", "pk": 19, "fields": {"product": 8, "image": "image/upload/v1660609989/u7mr8minf7ywccj6wctg.webp"}}, {"model": "product.productimage", "pk": 20, "fields": {"product": 9, "image": "image/upload/v1660610012/gfxw01za59mxsxwgenjh.webp"}}, {"model": "product.productimage", "pk": 21, "fields": {"product": 9, "image": "image/upload/v1660610028/bgir0ujclppalo34mour.webp"}}, {"model": "product.productimage", "pk": 22, "fields": {"product": 11, "image": "image/upload/v1660610157/llysjbgqcuz9vd414dzu.webp"}}, {"model": "product.productimage", "pk": 23, "fields": {"product": 11, "image": "image/upload/v1660610174/er40crycg5l2akjhihgj.webp"}}, {"model": "product.productimage", "pk": 24, "fields": {"product": 10, "image": "image/upload/v1660610200/yg2w1ozyu3uk4tzk9vhw.webp"}}, {"model": "product.productimage", "pk": 25, "fields": {"product": 10, "image": "image/upload/v1660610213/ld4swrjrpdiyhwagc2hq.webp"}}, {"model": "product.productimage", "pk": 26, "fields": {"product": 12, "image": "image/upload/v1660610255/qfqqpns6jpqokbtdffpl.webp"}}, {"model": "product.productimage", "pk": 27, "fields": {"product": 12, "image": "image/upload/v1660610275/usfseoirmuqmlnoewy4c.webp"}}, {"model": "product.productimage", "pk": 28, "fields": {"product": 13, "image": "image/upload/v1660610376/wy1zm0um6ewhpis8rcoo.webp"}}, {"model": "product.productimage", "pk": 29, "fields": {"product": 13, "image": "image/upload/v1660610391/jj0zxvdq49hngfdamhdf.webp"}}, {"model": "product.productimage", "pk": 30, "fields": {"product": 14, "image": "image/upload/v1660612547/khl8kskwnk9wes3vtxlq.webp"}}, {"model": "product.productimage", "pk": 31, "fields": {"product": 14, "image": "image/upload/v1660610435/xhdxb7hbvtvyfm23lbbs.webp"}}, {"model": "product.productimage", "pk": 32, "fields": {"product": 14, "image": "image/upload/v1660610454/aleouwmvkgwhlgidx3ei.webp"}}, {"model": "product.productimage", "pk": 33, "fields": {"product": 15, "image": "image/upload/v1660610489/nd4avfdrgw0tctp9asgv.webp"}}, {"model": "product.productimage", "pk": 34, "fields": {"product": 15, "image": "image/upload/v1660610505/foonviw85gnmj9ddx5t1.webp"}}, {"model": "product.productimage", "pk": 35, "fields": {"product": 15, "image": "image/upload/v1660610517/bct1fsadtzvihcfkvalb.webp"}}, {"model": "product.productimage", "pk": 36, "fields": {"product": 16, "image": "image/upload/v1660610547/ybuvhnngobuuikgg7dsz.webp"}}, {"model": "product.productimage", "pk": 37, "fields": {"product": 16, "image": "image/upload/v1660610573/lalleiscjl8t1zi2io55.webp"}}, {"model": "product.productimage", "pk": 38, "fields": {"product": 16, "image": "image/upload/v1660610591/kqubyvafgy0no3fnw20c.webp"}}, {"model": "product.productimage", "pk": 39, "fields": {"product": 17, "image": "image/upload/v1660612215/l4lnnmyvsibevyp1enql.webp"}}, {"model": "product.productimage", "pk": 40, "fields": {"product": 17, "image": "image/upload/v1660610728/ksex6n5qabpirprirxsv.webp"}}, {"model": "product.productimage", "pk": 41, "fields": {"product": 18, "image": "image/upload/v1660610750/t9bxow5eub91nx1u0eom.jpg"}}, {"model": "product.productimage", "pk": 42, "fields": {"product": 18, "image": "image/upload/v1660610765/bpiizwrcqwnwgev4ke5k.jpg"}}, {"model": "product.productimage", "pk": 43, "fields": {"product": 19, "image": "image/upload/v1660612400/vtfqsu0tjdg9qii4epit.webp"}}, {"model": "product.productimage", "pk": 44, "fields": {"product": 19, "image": "image/upload/v1660610825/sa13qieucwf1t4nh7ys4.webp"}}, {"model": "product.productimage", "pk": 45, "fields": {"product": 19, "image": "image/upload/v1660610846/oaabylhuyle87jjjcmui.webp"}}, {"model": "product.productimage", "pk": 46, "fields": {"product": 19, "image": "image/upload/v1660610859/hrqewvf1rl7pkz5bdw4r.webp"}}, {"model": "product.productimage", "pk": 47, "fields": {"product": 20, "image": "image/upload/v1660612317/s0eejqglazaotod0wbpe.webp"}}, {"model": "product.productimage", "pk": 48, "fields": {"product": 20, "image": "image/upload/v1660610904/avnega0ugy31fqwcm0md.webp"}}, {"model": "product.productimage", "pk": 49, "fields": {"product": 20, "image": "image/upload/v1660610919/gqsshl1mypdjmvwivykk.webp"}}, {"model": "product.productimage", "pk": 50, "fields": {"product": 20, "image": "image/upload/v1660610936/d9rsxkau0vbi9yvc38qr.webp"}}, {"model": "product.productimage", "pk": 51, "fields": {"product": 21, "image": "image/upload/v1660610959/jgxy0avorszegxkmbbdh.webp"}}, {"model": "product.productimage", "pk": 52, "fields": {"product": 21, "image": "image/upload/v1660610971/ytfn7be52fqw4n571ssv.webp"}}, {"model": "product.productimage", "pk": 53, "fields": {"product": 21, "image": "image/upload/v1660610984/biraoujlwst1muspfhfb.webp"}}, {"model": "product.productimage", "pk": 54, "fields": {"product": 21, "image": "image/upload/v1660610997/auj6saa9ynmlh2qw41nx.webp"}}, {"model": "product.productimage", "pk": 55, "fields": {"product": 22, "image": "image/upload/v1660611078/dwcwaiqyxeszztvrd4pu.webp"}}, {"model": "product.productimage", "pk": 56, "fields": {"product": 22, "image": "image/upload/v1660611094/m9nprea3itzwu9ccg2wb.webp"}}, {"model": "product.productimage", "pk": 57, "fields": {"product": 22, "image": "image/upload/v1660611115/leefiarletwyzda5et3p.jpg"}}, {"model": "product.productimage", "pk": 58, "fields": {"product": 23, "image": "image/upload/v1660611140/hyc1cpd91sdhhigjsd38.webp"}}, {"model": "product.productimage", "pk": 59, "fields": {"product": 23, "image": "image/upload/v1660611153/zdl3ff3zloz74dnhj27m.webp"}}, {"model": "product.productimage", "pk": 60, "fields": {"product": 23, "image": "image/upload/v1660611187/l97i5m6bvtqan3zwjwey.webp"}}, {"model": "product.productimage", "pk": 61, "fields": {"product": 24, "image": "image/upload/v1660611210/namhk9ayplkdjbvzofjf.webp"}}, {"model": "product.productimage", "pk": 62, "fields": {"product": 24, "image": "image/upload/v1660611224/v8i2suomm6dfal7hrqkx.webp"}}, {"model": "product.productimage", "pk": 63, "fields": {"product": 24, "image": "image/upload/v1660611247/ohycqfulfuu2mpu47dzd.webp"}}, {"model": "product.productimage", "pk": 64, "fields": {"product": 25, "image": "image/upload/v1660611269/nqgahisccqflwt7en2kj.webp"}}, {"model": "product.productimage", "pk": 65, "fields": {"product": 25, "image": "image/upload/v1660611284/uvxbw3wf6sv6iy8gomaq.webp"}}, {"model": "product.productimage", "pk": 66, "fields": {"product": 25, "image": "image/upload/v1660611305/tpcdks7uci8bgvdsnfng.webp"}}, {"model": "product.productimage", "pk": 67, "fields": {"product": 26, "image": "image/upload/v1660611323/euuxvguvmh1jiavqkrxz.webp"}}, {"model": "product.productimage", "pk": 68, "fields": {"product": 26, "image": "image/upload/v1660611338/x5pmrm3vqwg45ntlu7gm.webp"}}, {"model": "product.productimage", "pk": 69, "fields": {"product": 26, "image": "image/upload/v1660611353/u349hngfswy4mie7bxxm.webp"}}, {"model": "product.productimage", "pk": 70, "fields": {"product": 26, "image": "image/upload/v1660611366/nlpqgixwzo2j6xy1i9l8.webp"}}, {"model": "product.productstock", "pk": 1, "fields": {"product": 1, "size": "6", "amount_in_stock": 10}}, {"model": "product.productstock", "pk": 2, "fields": {"product": 1, "size": "8", "amount_in_stock": 7}}, {"model": "product.productstock", "pk": 3, "fields": {"product": 1, "size": "10", "amount_in_stock": 15}}, {"model": "product.productstock", "pk": 4, "fields": {"product": 1, "size": "14", "amount_in_stock": 10}}, {"model": "product.productstock", "pk": 5, "fields": {"product": 5, "size": "4", "amount_in_stock": 20}}, {"model": "product.productstock", "pk": 6, "fields": {"product": 5, "size": "5", "amount_in_stock": 20}}, {"model": "product.productstock", "pk": 7, "fields": {"product": 5, "size": "6", "amount_in_stock": 20}}, {"model": "product.productstock", "pk": 8, "fields": {"product": 5, "size": "7", "amount_in_stock": 20}}, {"model": "product.productstock", "pk": 9, "fields": {"product": 5, "size": "8", "amount_in_stock": 5}}, {"model": "product.productstock", "pk": 10, "fields": {"product": 6, "size": "8", "amount_in_stock": 3}}, {"model": "product.productstock", "pk": 11, "fields": {"product": 6, "size": "3", "amount_in_stock": 3}}, {"model": "product.productstock", "pk": 12, "fields": {"product": 6, "size": "4", "amount_in_stock": 10}}, {"model": "product.productstock", "pk": 13, "fields": {"product": 6, "size": "5", "amount_in_stock": 10}}, {"model": "product.productstock", "pk": 14, "fields": {"product": 6, "size": "6", "amount_in_stock": 10}}, {"model": "product.productstock", "pk": 15, "fields": {"product": 7, "size": "3", "amount_in_stock": 10}}, {"model": "product.productstock", "pk": 16, "fields": {"product": 7, "size": "5", "amount_in_stock": 10}}, {"model": "product.productstock", "pk": 17, "fields": {"product": 7, "size": "4", "amount_in_stock": 10}}, {"model": "product.productstock", "pk": 18, "fields": {"product": 7, "size": "7", "amount_in_stock": 10}}, {"model": "product.productstock", "pk": 19, "fields": {"product": 7, "size": "8", "amount_in_stock": 10}}, {"model": "product.productstock", "pk": 20, "fields": {"product": 7, "size": "9", "amount_in_stock": 3}}, {"model": "product.productstock", "pk": 21, "fields": {"product": 8, "size": "8", "amount_in_stock": 3}}, {"model": "product.productstock", "pk": 22, "fields": {"product": 8, "size": "7", "amount_in_stock": 14}}, {"model": "product.productstock", "pk": 23, "fields": {"product": 8, "size": "6", "amount_in_stock": 14}}, {"model": "product.productstock", "pk": 24, "fields": {"product": 8, "size": "5", "amount_in_stock": 14}}, {"model": "product.productstock", "pk": 25, "fields": {"product": 8, "size": "3", "amount_in_stock": 9}}, {"model": "product.productstock", "pk": 26, "fields": {"product": 9, "size": "3", "amount_in_stock": 9}}, {"model": "product.productstock", "pk": 27, "fields": {"product": 9, "size": "4", "amount_in_stock": 9}}, {"model": "product.productstock", "pk": 28, "fields": {"product": 9, "size": "5", "amount_in_stock": 9}}, {"model": "product.productstock", "pk": 29, "fields": {"product": 9, "size": "7", "amount_in_stock": 9}}, {"model": "product.productstock", "pk": 30, "fields": {"product": 9, "size": "9", "amount_in_stock": 9}}, {"model": "product.productstock", "pk": 31, "fields": {"product": 10, "size": "9", "amount_in_stock": 9}}, {"model": "product.productstock", "pk": 32, "fields": {"product": 10, "size": "8", "amount_in_stock": 15}}, {"model": "product.productstock", "pk": 33, "fields": {"product": 10, "size": "7", "amount_in_stock": 15}}, {"model": "product.productstock", "pk": 34, "fields": {"product": 10, "size": "6", "amount_in_stock": 15}}, {"model": "product.productstock", "pk": 35, "fields": {"product": 10, "size": "5", "amount_in_stock": 15}}, {"model": "product.productstock", "pk": 36, "fields": {"product": 10, "size": "4", "amount_in_stock": 15}}, {"model": "product.productstock", "pk": 37, "fields": {"product": 10, "size": "3", "amount_in_stock": 15}}, {"model": "product.productstock", "pk": 38, "fields": {"product": 11, "size": "9", "amount_in_stock": 9}}, {"model": "product.productstock", "pk": 39, "fields": {"product": 11, "size": "8", "amount_in_stock": 15}}, {"model": "product.productstock", "pk": 40, "fields": {"product": 11, "size": "7", "amount_in_stock": 15}}, {"model": "product.productstock", "pk": 41, "fields": {"product": 11, "size": "6", "amount_in_stock": 15}}, {"model": "product.productstock", "pk": 42, "fields": {"product": 11, "size": "5", "amount_in_stock": 15}}, {"model": "product.productstock", "pk": 43, "fields": {"product": 11, "size": "4", "amount_in_stock": 15}}, {"model": "product.productstock", "pk": 44, "fields": {"product": 11, "size": "3", "amount_in_stock": 15}}, {"model": "product.productstock", "pk": 45, "fields": {"product": 12, "size": "9", "amount_in_stock": 4}}, {"model": "product.productstock", "pk": 46, "fields": {"product": 12, "size": "8", "amount_in_stock": 15}}, {"model": "product.productstock", "pk": 47, "fields": {"product": 12, "size": "7", "amount_in_stock": 15}}, {"model": "product.productstock", "pk": 48, "fields": {"product": 12, "size": "6", "amount_in_stock": 15}}, {"model": "product.productstock", "pk": 49, "fields": {"product": 12, "size": "5", "amount_in_stock": 15}}, {"model": "product.productstock", "pk": 50, "fields": {"product": 12, "size": "4", "amount_in_stock": 15}}, {"model": "product.productstock", "pk": 51, "fields": {"product": 12, "size": "3", "amount_in_stock": 15}}, {"model": "product.productstock", "pk": 52, "fields": {"product": 13, "size": "9", "amount_in_stock": 10}}, {"model": "product.productstock", "pk": 53, "fields": {"product": 13, "size": "8", "amount_in_stock": 15}}, {"model": "product.productstock", "pk": 54, "fields": {"product": 13, "size": "7", "amount_in_stock": 15}}, {"model": "product.productstock", "pk": 55, "fields": {"product": 13, "size": "6", "amount_in_stock": 15}}, {"model": "product.productstock", "pk": 56, "fields": {"product": 13, "size": "5", "amount_in_stock": 15}}, {"model": "product.productstock", "pk": 57, "fields": {"product": 13, "size": "4", "amount_in_stock": 15}}, {"model": "product.productstock", "pk": 58, "fields": {"product": 13, "size": "3", "amount_in_stock": 15}}, {"model": "product.productstock", "pk": 59, "fields": {"product": 14, "size": "9", "amount_in_stock": 3}}, {"model": "product.productstock", "pk": 60, "fields": {"product": 14, "size": "8", "amount_in_stock": 15}}, {"model": "product.productstock", "pk": 61, "fields": {"product": 14, "size": "7", "amount_in_stock": 15}}, {"model": "product.productstock", "pk": 62, "fields": {"product": 14, "size": "6", "amount_in_stock": 15}}, {"model": "product.productstock", "pk": 63, "fields": {"product": 14, "size": "5", "amount_in_stock": 15}}, {"model": "product.productstock", "pk": 64, "fields": {"product": 14, "size": "4", "amount_in_stock": 15}}, {"model": "product.productstock", "pk": 65, "fields": {"product": 14, "size": "3", "amount_in_stock": 15}}, {"model": "product.productstock", "pk": 66, "fields": {"product": 15, "size": "9", "amount_in_stock": 3}}, {"model": "product.productstock", "pk": 67, "fields": {"product": 15, "size": "8", "amount_in_stock": 15}}, {"model": "product.productstock", "pk": 68, "fields": {"product": 15, "size": "7", "amount_in_stock": 15}}, {"model": "product.productstock", "pk": 69, "fields": {"product": 15, "size": "6", "amount_in_stock": 15}}, {"model": "product.productstock", "pk": 70, "fields": {"product": 15, "size": "5", "amount_in_stock": 15}}, {"model": "product.productstock", "pk": 71, "fields": {"product": 15, "size": "4", "amount_in_stock": 15}}, {"model": "product.productstock", "pk": 72, "fields": {"product": 15, "size": "3", "amount_in_stock": 15}}, {"model": "product.productstock", "pk": 73, "fields": {"product": 16, "size": "9", "amount_in_stock": 3}}, {"model": "product.productstock", "pk": 74, "fields": {"product": 16, "size": "8", "amount_in_stock": 15}}, {"model": "product.productstock", "pk": 75, "fields": {"product": 16, "size": "7", "amount_in_stock": 15}}, {"model": "product.productstock", "pk": 76, "fields": {"product": 16, "size": "6", "amount_in_stock": 15}}, {"model": "product.productstock", "pk": 77, "fields": {"product": 16, "size": "5", "amount_in_stock": 15}}, {"model": "product.productstock", "pk": 78, "fields": {"product": 16, "size": "4", "amount_in_stock": 15}}, {"model": "product.productstock", "pk": 79, "fields": {"product": 16, "size": "3", "amount_in_stock": 15}}, {"model": "product.productstock", "pk": 80, "fields": {"product": 17, "size": "15", "amount_in_stock": 5}}, {"model": "product.productstock", "pk": 81, "fields": {"product": 17, "size": "14", "amount_in_stock": 9}}, {"model": "product.productstock", "pk": 82, "fields": {"product": 17, "size": "13", "amount_in_stock": 9}}, {"model": "product.productstock", "pk": 83, "fields": {"product": 17, "size": "12", "amount_in_stock": 9}}, {"model": "product.productstock", "pk": 84, "fields": {"product": 17, "size": "11", "amount_in_stock": 15}}, {"model": "product.productstock", "pk": 85, "fields": {"product": 17, "size": "10", "amount_in_stock": 15}}, {"model": "product.productstock", "pk": 86, "fields": {"product": 17, "size": "9", "amount_in_stock": 15}}, {"model": "product.productstock", "pk": 87, "fields": {"product": 17, "size": "8", "amount_in_stock": 15}}, {"model": "product.productstock", "pk": 88, "fields": {"product": 17, "size": "7", "amount_in_stock": 15}}, {"model": "product.productstock", "pk": 89, "fields": {"product": 17, "size": "6", "amount_in_stock": 15}}, {"model": "product.productstock", "pk": 90, "fields": {"product": 18, "size": "15", "amount_in_stock": 5}}, {"model": "product.productstock", "pk": 91, "fields": {"product": 18, "size": "14", "amount_in_stock": 9}}, {"model": "product.productstock", "pk": 92, "fields": {"product": 18, "size": "13", "amount_in_stock": 9}}, {"model": "product.productstock", "pk": 93, "fields": {"product": 18, "size": "12", "amount_in_stock": 9}}, {"model": "product.productstock", "pk": 94, "fields": {"product": 18, "size": "11", "amount_in_stock": 15}}, {"model": "product.productstock", "pk": 95, "fields": {"product": 18, "size": "10", "amount_in_stock": 15}}, {"model": "product.productstock", "pk": 96, "fields": {"product": 18, "size": "9", "amount_in_stock": 15}}, {"model": "product.productstock", "pk": 97, "fields": {"product": 18, "size": "8", "amount_in_stock": 15}}, {"model": "product.productstock", "pk": 98, "fields": {"product": 18, "size": "7", "amount_in_stock": 15}}, {"model": "product.productstock", "pk": 99, "fields": {"product": 18, "size": "6", "amount_in_stock": 15}}, {"model": "product.productstock", "pk": 100, "fields": {"product": 19, "size": "15", "amount_in_stock": 5}}, {"model": "product.productstock", "pk": 101, "fields": {"product": 19, "size": "14", "amount_in_stock": 9}}, {"model": "product.productstock", "pk": 102, "fields": {"product": 19, "size": "13", "amount_in_stock": 9}}, {"model": "product.productstock", "pk": 103, "fields": {"product": 19, "size": "12", "amount_in_stock": 9}}, {"model": "product.productstock", "pk": 104, "fields": {"product": 19, "size": "11", "amount_in_stock": 15}}, {"model": "product.productstock", "pk": 105, "fields": {"product": 19, "size": "10", "amount_in_stock": 15}}, {"model": "product.productstock", "pk": 106, "fields": {"product": 19, "size": "9", "amount_in_stock": 11}}, {"model": "product.productstock", "pk": 107, "fields": {"product": 19, "size": "8", "amount_in_stock": 15}}, {"model": "product.productstock", "pk": 108, "fields": {"product": 19, "size": "7", "amount_in_stock": 15}}, {"model": "product.productstock", "pk": 109, "fields": {"product": 19, "size": "6", "amount_in_stock": 15}}, {"model": "product.productstock", "pk": 110, "fields": {"product": 20, "size": "15", "amount_in_stock": 5}}, {"model": "product.productstock", "pk": 111, "fields": {"product": 20, "size": "14", "amount_in_stock": 9}}, {"model": "product.productstock", "pk": 112, "fields": {"product": 20, "size": "13", "amount_in_stock": 9}}, {"model": "product.productstock", "pk": 113, "fields": {"product": 20, "size": "12", "amount_in_stock": 9}}, {"model": "product.productstock", "pk": 114, "fields": {"product": 20, "size": "11", "amount_in_stock": 15}}, {"model": "product.productstock", "pk": 115, "fields": {"product": 20, "size": "10", "amount_in_stock": 15}}, {"model": "product.productstock", "pk": 116, "fields": {"product": 20, "size": "9", "amount_in_stock": 15}}, {"model": "product.productstock", "pk": 117, "fields": {"product": 20, "size": "8", "amount_in_stock": 15}}, {"model": "product.productstock", "pk": 118, "fields": {"product": 20, "size": "7", "amount_in_stock": 15}}, {"model": "product.productstock", "pk": 119, "fields": {"product": 20, "size": "6", "amount_in_stock": 15}}, {"model": "product.productstock", "pk": 120, "fields": {"product": 21, "size": "15", "amount_in_stock": 0}}, {"model": "product.productstock", "pk": 121, "fields": {"product": 21, "size": "14", "amount_in_stock": 9}}, {"model": "product.productstock", "pk": 122, "fields": {"product": 21, "size": "13", "amount_in_stock": 9}}, {"model": "product.productstock", "pk": 123, "fields": {"product": 21, "size": "12", "amount_in_stock": 9}}, {"model": "product.productstock", "pk": 124, "fields": {"product": 21, "size": "11", "amount_in_stock": 15}}, {"model": "product.productstock", "pk": 125, "fields": {"product": 21, "size": "10", "amount_in_stock": 15}}, {"model": "product.productstock", "pk": 126, "fields": {"product": 21, "size": "9", "amount_in_stock": 15}}, {"model": "product.productstock", "pk": 127, "fields": {"product": 21, "size": "8", "amount_in_stock": 15}}, {"model": "product.productstock", "pk": 128, "fields": {"product": 21, "size": "7", "amount_in_stock": 15}}, {"model": "product.productstock", "pk": 129, "fields": {"product": 21, "size": "6", "amount_in_stock": 15}}, {"model": "product.productstock", "pk": 130, "fields": {"product": 22, "size": "15", "amount_in_stock": 5}}, {"model": "product.productstock", "pk": 131, "fields": {"product": 22, "size": "14", "amount_in_stock": 9}}, {"model": "product.productstock", "pk": 132, "fields": {"product": 22, "size": "13", "amount_in_stock": 9}}, {"model": "product.productstock", "pk": 133, "fields": {"product": 22, "size": "12", "amount_in_stock": 9}}, {"model": "product.productstock", "pk": 134, "fields": {"product": 22, "size": "11", "amount_in_stock": 15}}, {"model": "product.productstock", "pk": 135, "fields": {"product": 22, "size": "10", "amount_in_stock": 15}}, {"model": "product.productstock", "pk": 136, "fields": {"product": 22, "size": "9", "amount_in_stock": 15}}, {"model": "product.productstock", "pk": 137, "fields": {"product": 22, "size": "8", "amount_in_stock": 15}}, {"model": "product.productstock", "pk": 138, "fields": {"product": 22, "size": "7", "amount_in_stock": 15}}, {"model": "product.productstock", "pk": 139, "fields": {"product": 22, "size": "6", "amount_in_stock": 15}}, {"model": "product.productstock", "pk": 140, "fields": {"product": 23, "size": "15", "amount_in_stock": 5}}, {"model": "product.productstock", "pk": 141, "fields": {"product": 23, "size": "14", "amount_in_stock": 9}}, {"model": "product.productstock", "pk": 142, "fields": {"product": 23, "size": "13", "amount_in_stock": 9}}, {"model": "product.productstock", "pk": 143, "fields": {"product": 23, "size": "12", "amount_in_stock": 9}}, {"model": "product.productstock", "pk": 144, "fields": {"product": 23, "size": "11", "amount_in_stock": 15}}, {"model": "product.productstock", "pk": 145, "fields": {"product": 23, "size": "10", "amount_in_stock": 15}}, {"model": "product.productstock", "pk": 146, "fields": {"product": 23, "size": "9", "amount_in_stock": 15}}, {"model": "product.productstock", "pk": 147, "fields": {"product": 23, "size": "8", "amount_in_stock": 15}}, {"model": "product.productstock", "pk": 148, "fields": {"product": 23, "size": "7", "amount_in_stock": 15}}, {"model": "product.productstock", "pk": 149, "fields": {"product": 23, "size": "6", "amount_in_stock": 12}}, {"model": "product.productstock", "pk": 150, "fields": {"product": 24, "size": "15", "amount_in_stock": 5}}, {"model": "product.productstock", "pk": 151, "fields": {"product": 24, "size": "14", "amount_in_stock": 9}}, {"model": "product.productstock", "pk": 152, "fields": {"product": 24, "size": "13", "amount_in_stock": 9}}, {"model": "product.productstock", "pk": 153, "fields": {"product": 24, "size": "12", "amount_in_stock": 9}}, {"model": "product.productstock", "pk": 154, "fields": {"product": 24, "size": "11", "amount_in_stock": 15}}, {"model": "product.productstock", "pk": 155, "fields": {"product": 24, "size": "10", "amount_in_stock": 15}}, {"model": "product.productstock", "pk": 156, "fields": {"product": 24, "size": "9", "amount_in_stock": 15}}, {"model": "product.productstock", "pk": 157, "fields": {"product": 24, "size": "8", "amount_in_stock": 15}}, {"model": "product.productstock", "pk": 158, "fields": {"product": 24, "size": "7", "amount_in_stock": 15}}, {"model": "product.productstock", "pk": 159, "fields": {"product": 24, "size": "6", "amount_in_stock": 15}}, {"model": "product.productstock", "pk": 160, "fields": {"product": 25, "size": "15", "amount_in_stock": 5}}, {"model": "product.productstock", "pk": 161, "fields": {"product": 25, "size": "14", "amount_in_stock": 9}}, {"model": "product.productstock", "pk": 162, "fields": {"product": 25, "size": "13", "amount_in_stock": 9}}, {"model": "product.productstock", "pk": 163, "fields": {"product": 25, "size": "12", "amount_in_stock": 9}}, {"model": "product.productstock", "pk": 164, "fields": {"product": 25, "size": "11", "amount_in_stock": 15}}, {"model": "product.productstock", "pk": 165, "fields": {"product": 25, "size": "10", "amount_in_stock": 15}}, {"model": "product.productstock", "pk": 166, "fields": {"product": 25, "size": "9", "amount_in_stock": 15}}, {"model": "product.productstock", "pk": 167, "fields": {"product": 25, "size": "8", "amount_in_stock": 2}}, {"model": "product.productstock", "pk": 168, "fields": {"product": 25, "size": "7", "amount_in_stock": 3}}, {"model": "product.productstock", "pk": 169, "fields": {"product": 25, "size": "6", "amount_in_stock": 15}}, {"model": "product.productstock", "pk": 170, "fields": {"product": 26, "size": "15", "amount_in_stock": 5}}, {"model": "product.productstock", "pk": 171, "fields": {"product": 26, "size": "14", "amount_in_stock": 9}}, {"model": "product.productstock", "pk": 172, "fields": {"product": 26, "size": "13", "amount_in_stock": 9}}, {"model": "product.productstock", "pk": 173, "fields": {"product": 26, "size": "12", "amount_in_stock": 1}}, {"model": "product.productstock", "pk": 174, "fields": {"product": 26, "size": "11", "amount_in_stock": 3}}, {"model": "product.productstock", "pk": 175, "fields": {"product": 26, "size": "10", "amount_in_stock": 15}}, {"model": "product.productstock", "pk": 176, "fields": {"product": 26, "size": "9", "amount_in_stock": 15}}, {"model": "product.productstock", "pk": 177, "fields": {"product": 26, "size": "8", "amount_in_stock": 15}}, {"model": "product.productstock", "pk": 178, "fields": {"product": 26, "size": "7", "amount_in_stock": 15}}, {"model": "product.productstock", "pk": 179, "fields": {"product": 26, "size": "6", "amount_in_stock": 15}}, {"model": "order.payment", "pk": 1, "fields": {"stripe_charge_id": "pm_1LXQU1HLXSuXXRsqMAZFkfpJ", "user": null, "amount": 2999.99, "timestamp": "2022-08-16T14:11:10.310Z"}}, {"model": "order.payment", "pk": 2, "fields": {"stripe_charge_id": "pm_1LXQUhHLXSuXXRsqoAph0fZV", "user": null, "amount": 2999.99, "timestamp": "2022-08-16T14:11:51.734Z"}}, {"model": "order.payment", "pk": 3, "fields": {"stripe_charge_id": "pm_1LXQeSHLXSuXXRsqqlaW2zKE", "user": null, "amount": 6799.969999999999, "timestamp": "2022-08-16T14:21:57.192Z"}}, {"model": "order.payment", "pk": 4, "fields": {"stripe_charge_id": "pm_1LXQfiHLXSuXXRsqk0K3AlIs", "user": null, "amount": 6799.969999999999, "timestamp": "2022-08-16T14:23:15.258Z"}}, {"model": "order.payment", "pk": 5, "fields": {"stripe_charge_id": "pm_1LXR3DHLXSuXXRsqCPKUpVsC", "user": null, "amount": 2199.99, "timestamp": "2022-08-16T14:47:32.667Z"}}, {"model": "order.payment", "pk": 6, "fields": {"stripe_charge_id": "pm_1LXRVOHLXSuXXRsqD6yg0V9f", "user": null, "amount": 2199.99, "timestamp": "2022-08-16T15:16:38.727Z"}}, {"model": "order.payment", "pk": 7, "fields": {"stripe_charge_id": "pm_1LXRVzHLXSuXXRsqkBHjFak2", "user": null, "amount": 2199.99, "timestamp": "2022-08-16T15:17:15.693Z"}}, {"model": "order.payment", "pk": 8, "fields": {"stripe_charge_id": "pm_1LXRWBHLXSuXXRsqUaXucSWc", "user": null, "amount": 2199.99, "timestamp": "2022-08-16T15:17:27.639Z"}}, {"model": "order.payment", "pk": 9, "fields": {"stripe_charge_id": "pm_1LXRX9HLXSuXXRsq6tF3oMBF", "user": null, "amount": 2199.99, "timestamp": "2022-08-16T15:18:27.105Z"}}, {"model": "order.payment", "pk": 10, "fields": {"stripe_charge_id": "pm_1LXrsTHLXSuXXRsqqd4YNxKW", "user": null, "amount": 1999.99, "timestamp": "2022-08-17T19:26:14.986Z"}}, {"model": "order.payment", "pk": 11, "fields": {"stripe_charge_id": "pm_1LXrzKHLXSuXXRsq9lBzgx2q", "user": null, "amount": 1999.99, "timestamp": "2022-08-17T19:33:18.421Z"}}, {"model": "order.payment", "pk": 12, "fields": {"stripe_charge_id": "pm_1LXs06HLXSuXXRsq6eEq9uWC", "user": null, "amount": 1999.99, "timestamp": "2022-08-17T19:34:06.684Z"}}, {"model": "order.payment", "pk": 13, "fields": {"stripe_charge_id": "pm_1LXs0VHLXSuXXRsqlVKiPZLz", "user": null, "amount": 1999.99, "timestamp": "2022-08-17T19:34:31.528Z"}}, {"model": "order.payment", "pk": 14, "fields": {"stripe_charge_id": "pm_1LXs4EHLXSuXXRsqZGBZsfaK", "user": null, "amount": 1999.99, "timestamp": "2022-08-17T19:38:22.654Z"}}, {"model": "order.payment", "pk": 15, "fields": {"stripe_charge_id": "pm_1LXs59HLXSuXXRsq0RG8VOhb", "user": null, "amount": 1999.99, "timestamp": "2022-08-17T19:39:18.039Z"}}, {"model": "order.payment", "pk": 16, "fields": {"stripe_charge_id": "pm_1LXs8PHLXSuXXRsqzrh8laqX", "user": null, "amount": 1999.99, "timestamp": "2022-08-17T19:42:40.914Z"}}, {"model": "order.payment", "pk": 17, "fields": {"stripe_charge_id": "pm_1LXsFfHLXSuXXRsqKcTsbOe3", "user": null, "amount": 1999.99, "timestamp": "2022-08-17T19:50:11.260Z"}}, {"model": "order.payment", "pk": 18, "fields": {"stripe_charge_id": "pm_1LXsICHLXSuXXRsqW45Ktg0P", "user": null, "amount": 1999.99, "timestamp": "2022-08-17T19:52:48.394Z"}}, {"model": "order.payment", "pk": 19, "fields": {"stripe_charge_id": "pm_1LXsKUHLXSuXXRsqsLQCbdxm", "user": null, "amount": 1999.99, "timestamp": "2022-08-17T19:55:10.456Z"}}, {"model": "order.payment", "pk": 20, "fields": {"stripe_charge_id": "pm_1LXsKvHLXSuXXRsqDzLBiCns", "user": null, "amount": 1999.99, "timestamp": "2022-08-17T19:55:36.742Z"}}, {"model": "order.payment", "pk": 21, "fields": {"stripe_charge_id": "pm_1LXsMxHLXSuXXRsqMFtqkAr2", "user": null, "amount": 1999.99, "timestamp": "2022-08-17T19:57:42.999Z"}}, {"model": "order.payment", "pk": 22, "fields": {"stripe_charge_id": "pm_1LY6TYHLXSuXXRsqF8l4icxK", "user": null, "amount": 1999.99, "timestamp": "2022-08-18T11:01:27.632Z"}}, {"model": "order.payment", "pk": 23, "fields": {"stripe_charge_id": "pm_1LY6zMHLXSuXXRsqt6ZWLEkC", "user": null, "amount": 4999.98, "timestamp": "2022-08-18T11:34:20.495Z"}}, {"model": "order.payment", "pk": 24, "fields": {"stripe_charge_id": "pm_1LY73THLXSuXXRsqbBDGJtMc", "user": null, "amount": 4999.98, "timestamp": "2022-08-18T11:38:35.344Z"}}, {"model": "order.payment", "pk": 25, "fields": {"stripe_charge_id": "pm_1LY75AHLXSuXXRsqCJCln4s2", "user": null, "amount": 4999.98, "timestamp": "2022-08-18T11:40:20.919Z"}}, {"model": "order.payment", "pk": 26, "fields": {"stripe_charge_id": "pm_1LY764HLXSuXXRsqOYypUF8e", "user": null, "amount": 4999.98, "timestamp": "2022-08-18T11:41:16.299Z"}}, {"model": "order.payment", "pk": 27, "fields": {"stripe_charge_id": "pm_1LY77NHLXSuXXRsqEHs9iV5F", "user": null, "amount": 4999.98, "timestamp": "2022-08-18T11:42:36.641Z"}}, {"model": "order.payment", "pk": 28, "fields": {"stripe_charge_id": "pm_1LY781HLXSuXXRsqutlMh55Z", "user": null, "amount": 4999.98, "timestamp": "2022-08-18T11:43:17.133Z"}}, {"model": "order.payment", "pk": 29, "fields": {"stripe_charge_id": "pm_1LY8UcHLXSuXXRsq3z9c0F0u", "user": null, "amount": 4999.98, "timestamp": "2022-08-18T13:10:42.493Z"}}, {"model": "order.payment", "pk": 30, "fields": {"stripe_charge_id": "pm_1LY8WEHLXSuXXRsqd7VPQdM8", "user": null, "amount": 7799.969999999999, "timestamp": "2022-08-18T13:12:21.636Z"}}, {"model": "order.payment", "pk": 31, "fields": {"stripe_charge_id": "pm_1LY8XIHLXSuXXRsqyoLmZbUC", "user": null, "amount": 7799.969999999999, "timestamp": "2022-08-18T13:13:27.026Z"}}, {"model": "order.payment", "pk": 32, "fields": {"stripe_charge_id": "pm_1LY8Y4HLXSuXXRsqZqElraUP", "user": null, "amount": 7799.969999999999, "timestamp": "2022-08-18T13:14:15.652Z"}}, {"model": "order.payment", "pk": 33, "fields": {"stripe_charge_id": "pm_1LY8ZfHLXSuXXRsq3zxsHzaK", "user": null, "amount": 7799.969999999999, "timestamp": "2022-08-18T13:15:54.903Z"}}, {"model": "order.order", "pk": 44, "fields": {"user": null, "ref_code": "zkl3ics0qckktcvfb117", "shipping_address": 18, "date_added": "2022-08-16T14:11:48.061Z", "being_delivered": false, "received": false, "voucher": null, "guest": true, "refund_requested": false, "refund_granted": false, "payment": null}}, {"model": "order.order", "pk": 45, "fields": {"user": null, "ref_code": "fog1ltkryer79w1wqbyc", "shipping_address": 19, "date_added": "2022-08-16T14:21:53.710Z", "being_delivered": false, "received": false, "voucher": null, "guest": true, "refund_requested": false, "refund_granted": false, "payment": null}}, {"model": "order.order", "pk": 46, "fields": {"user": null, "ref_code": "vlym3zfsapfm8xpvvnu0", "shipping_address": 20, "date_added": "2022-08-16T14:23:11.747Z", "being_delivered": false, "received": false, "voucher": null, "guest": true, "refund_requested": false, "refund_granted": false, "payment": null}}, {"model": "order.order", "pk": 47, "fields": {"user": null, "ref_code": "3t4dxww0nmmn3v2kyxbm", "shipping_address": 21, "date_added": "2022-08-16T14:47:27.883Z", "being_delivered": false, "received": false, "voucher": null, "guest": true, "refund_requested": false, "refund_granted": false, "payment": null}}, {"model": "order.order", "pk": 48, "fields": {"user": null, "ref_code": "akycw2ww4at9q1auh6ik", "shipping_address": 22, "date_added": "2022-08-16T15:16:35.283Z", "being_delivered": false, "received": false, "voucher": null, "guest": true, "refund_requested": false, "refund_granted": false, "payment": null}}, {"model": "order.order", "pk": 49, "fields": {"user": null, "ref_code": "j33e7qnv7le9uaeyvs03", "shipping_address": 23, "date_added": "2022-08-16T15:17:12.771Z", "being_delivered": false, "received": false, "voucher": null, "guest": true, "refund_requested": false, "refund_granted": false, "payment": null}}, {"model": "order.order", "pk": 50, "fields": {"user": null, "ref_code": "ui7w6kr48912lnccxyts", "shipping_address": 24, "date_added": "2022-08-16T15:17:24.523Z", "being_delivered": false, "received": false, "voucher": null, "guest": true, "refund_requested": false, "refund_granted": false, "payment": null}}, {"model": "order.order", "pk": 51, "fields": {"user": null, "ref_code": "ix80kvgu020pb92n7xyu", "shipping_address": 25, "date_added": "2022-08-16T15:18:24.543Z", "being_delivered": false, "received": false, "voucher": null, "guest": true, "refund_requested": false, "refund_granted": false, "payment": null}}, {"model": "order.order", "pk": 52, "fields": {"user": null, "ref_code": "f18d23e32xyp2d5mx07f", "shipping_address": 26, "date_added": "2022-08-17T19:26:10.158Z", "being_delivered": false, "received": false, "voucher": null, "guest": true, "refund_requested": false, "refund_granted": false, "payment": null}}, {"model": "order.order", "pk": 53, "fields": {"user": null, "ref_code": "3sxxp0tj8xtk7pla3bm1", "shipping_address": 27, "date_added": "2022-08-17T19:33:14.679Z", "being_delivered": false, "received": false, "voucher": null, "guest": true, "refund_requested": false, "refund_granted": false, "payment": null}}, {"model": "order.order", "pk": 54, "fields": {"user": null, "ref_code": "0v58ykpgkg8z41ywfhlr", "shipping_address": 28, "date_added": "2022-08-17T19:34:03.122Z", "being_delivered": false, "received": false, "voucher": null, "guest": true, "refund_requested": false, "refund_granted": false, "payment": null}}, {"model": "order.order", "pk": 55, "fields": {"user": null, "ref_code": "su2wylkx6wit6novvrdj", "shipping_address": 29, "date_added": "2022-08-17T19:34:28.063Z", "being_delivered": false, "received": false, "voucher": null, "guest": true, "refund_requested": false, "refund_granted": false, "payment": null}}, {"model": "order.order", "pk": 56, "fields": {"user": null, "ref_code": "lre4bzbg1s9gtpkfwxnz", "shipping_address": 30, "date_added": "2022-08-17T19:38:18.961Z", "being_delivered": false, "received": false, "voucher": null, "guest": true, "refund_requested": false, "refund_granted": false, "payment": null}}, {"model": "order.order", "pk": 57, "fields": {"user": null, "ref_code": "oymirnpym6lfr4qyp41r", "shipping_address": 31, "date_added": "2022-08-17T19:39:15.267Z", "being_delivered": false, "received": false, "voucher": null, "guest": true, "refund_requested": false, "refund_granted": false, "payment": null}}, {"model": "order.order", "pk": 58, "fields": {"user": null, "ref_code": "8hap8tu6mofonyppmzxf", "shipping_address": 32, "date_added": "2022-08-17T19:42:37.365Z", "being_delivered": false, "received": false, "voucher": null, "guest": true, "refund_requested": false, "refund_granted": false, "payment": null}}, {"model": "order.order", "pk": 59, "fields": {"user": null, "ref_code": "lyfgpmiwx8g9iwk3mrh5", "shipping_address": 33, "date_added": "2022-08-17T19:50:07.476Z", "being_delivered": false, "received": false, "voucher": null, "guest": true, "refund_requested": false, "refund_granted": false, "payment": null}}, {"model": "order.order", "pk": 60, "fields": {"user": null, "ref_code": "ee63k1cm462hk11geg78", "shipping_address": 34, "date_added": "2022-08-17T19:52:44.910Z", "being_delivered": false, "received": false, "voucher": null, "guest": true, "refund_requested": false, "refund_granted": false, "payment": null}}, {"model": "order.order", "pk": 61, "fields": {"user": null, "ref_code": "dv8cqgue1j3xpk9i02ol", "shipping_address": 35, "date_added": "2022-08-17T19:55:07.017Z", "being_delivered": false, "received": false, "voucher": null, "guest": true, "refund_requested": false, "refund_granted": false, "payment": null}}, {"model": "order.order", "pk": 62, "fields": {"user": null, "ref_code": "xz0vxx0e9nxlvly9kkl7", "shipping_address": 36, "date_added": "2022-08-17T19:55:33.246Z", "being_delivered": false, "received": false, "voucher": null, "guest": true, "refund_requested": false, "refund_granted": false, "payment": null}}, {"model": "order.order", "pk": 63, "fields": {"user": null, "ref_code": "ivoc1jnpv2jjbta6v82f", "shipping_address": 37, "date_added": "2022-08-17T19:57:39.597Z", "being_delivered": false, "received": false, "voucher": null, "guest": true, "refund_requested": false, "refund_granted": false, "payment": null}}, {"model": "order.order", "pk": 64, "fields": {"user": null, "ref_code": "wzv6jlzx5gs3cw4n3tlt", "shipping_address": 38, "date_added": "2022-08-18T10:34:13.014Z", "being_delivered": false, "received": false, "voucher": null, "guest": true, "refund_requested": false, "refund_granted": false, "payment": null}}, {"model": "order.order", "pk": 65, "fields": {"user": null, "ref_code": "ra3cv985jp0akst2icgx", "shipping_address": 39, "date_added": "2022-08-18T10:34:48.162Z", "being_delivered": false, "received": false, "voucher": null, "guest": true, "refund_requested": false, "refund_granted": false, "payment": null}}, {"model": "order.order", "pk": 66, "fields": {"user": null, "ref_code": "fn4zm3d2wt3upwuoff5l", "shipping_address": 40, "date_added": "2022-08-18T11:01:24.035Z", "being_delivered": false, "received": false, "voucher": null, "guest": true, "refund_requested": false, "refund_granted": false, "payment": null}}, {"model": "order.order", "pk": 67, "fields": {"user": null, "ref_code": "ub3lg2mw5her7q5ow2j0", "shipping_address": 41, "date_added": "2022-08-18T11:34:15.914Z", "being_delivered": false, "received": false, "voucher": null, "guest": true, "refund_requested": false, "refund_granted": false, "payment": null}}, {"model": "order.order", "pk": 68, "fields": {"user": null, "ref_code": "migrunjxd61daukrncfy", "shipping_address": 42, "date_added": "2022-08-18T11:38:30.911Z", "being_delivered": false, "received": false, "voucher": null, "guest": true, "refund_requested": false, "refund_granted": false, "payment": null}}, {"model": "order.order", "pk": 69, "fields": {"user": null, "ref_code": "l2iygr3z5n2uyk846zw6", "shipping_address": 43, "date_added": "2022-08-18T11:40:16.317Z", "being_delivered": false, "received": false, "voucher": null, "guest": true, "refund_requested": false, "refund_granted": false, "payment": null}}, {"model": "order.order", "pk": 70, "fields": {"user": null, "ref_code": "pfxciyt1fy5cfml1weqh", "shipping_address": 44, "date_added": "2022-08-18T11:41:12.369Z", "being_delivered": false, "received": false, "voucher": null, "guest": true, "refund_requested": false, "refund_granted": false, "payment": null}}, {"model": "order.order", "pk": 71, "fields": {"user": null, "ref_code": "b8iwpdsa60xugy4fiyj3", "shipping_address": 45, "date_added": "2022-08-18T11:42:09.478Z", "being_delivered": false, "received": false, "voucher": null, "guest": true, "refund_requested": false, "refund_granted": false, "payment": null}}, {"model": "order.order", "pk": 72, "fields": {"user": null, "ref_code": "l62jtlhgp9k0qiubnhcy", "shipping_address": 46, "date_added": "2022-08-18T11:42:32.722Z", "being_delivered": false, "received": false, "voucher": null, "guest": true, "refund_requested": false, "refund_granted": false, "payment": null}}, {"model": "order.order", "pk": 73, "fields": {"user": null, "ref_code": "t451pso9p365pbsro78b", "shipping_address": 47, "date_added": "2022-08-18T11:43:13.194Z", "being_delivered": false, "received": false, "voucher": null, "guest": true, "refund_requested": false, "refund_granted": false, "payment": null}}, {"model": "order.order", "pk": 74, "fields": {"user": null, "ref_code": "lameg4gtv5o9sckv7av9", "shipping_address": 48, "date_added": "2022-08-18T13:10:37.812Z", "being_delivered": false, "received": false, "voucher": null, "guest": true, "refund_requested": false, "refund_granted": false, "payment": null}}, {"model": "order.order", "pk": 75, "fields": {"user": null, "ref_code": "oskcoh30ocm3yy55zzia", "shipping_address": 49, "date_added": "2022-08-18T13:12:18.202Z", "being_delivered": false, "received": false, "voucher": null, "guest": true, "refund_requested": false, "refund_granted": false, "payment": null}}, {"model": "order.order", "pk": 76, "fields": {"user": null, "ref_code": "atqt02gv5041v69hd2r6", "shipping_address": 50, "date_added": "2022-08-18T13:13:24.257Z", "being_delivered": false, "received": false, "voucher": null, "guest": true, "refund_requested": false, "refund_granted": false, "payment": null}}, {"model": "order.order", "pk": 77, "fields": {"user": null, "ref_code": "1ikx0cwnbx0pjuv2u5px", "shipping_address": 51, "date_added": "2022-08-18T13:14:12.683Z", "being_delivered": false, "received": false, "voucher": null, "guest": true, "refund_requested": false, "refund_granted": false, "payment": null}}, {"model": "order.order", "pk": 78, "fields": {"user": null, "ref_code": "1gum7o40aneiunyo43sz", "shipping_address": 52, "date_added": "2022-08-18T13:15:51.549Z", "being_delivered": false, "received": false, "voucher": null, "guest": true, "refund_requested": false, "refund_granted": false, "payment": null}}, {"model": "order.orderitem", "pk": 27, "fields": {"order": 44, "item": 26, "quantity": 1, "size": "12"}}, {"model": "order.orderitem", "pk": 28, "fields": {"order": 45, "item": 26, "quantity": 1, "size": "12"}}, {"model": "order.orderitem", "pk": 29, "fields": {"order": 45, "item": 23, "quantity": 2, "size": "6"}}, {"model": "order.orderitem", "pk": 30, "fields": {"order": 46, "item": 26, "quantity": 1, "size": "12"}}, {"model": "order.orderitem", "pk": 31, "fields": {"order": 46, "item": 23, "quantity": 2, "size": "6"}}, {"model": "order.orderitem", "pk": 32, "fields": {"order": 47, "item": 21, "quantity": 1, "size": "15"}}, {"model": "order.orderitem", "pk": 33, "fields": {"order": 48, "item": 21, "quantity": 1, "size": "15"}}, {"model": "order.orderitem", "pk": 34, "fields": {"order": 49, "item": 21, "quantity": 1, "size": "15"}}, {"model": "order.orderitem", "pk": 35, "fields": {"order": 50, "item": 21, "quantity": 1, "size": "15"}}, {"model": "order.orderitem", "pk": 36, "fields": {"order": 51, "item": 21, "quantity": 1, "size": "15"}}, {"model": "order.orderitem", "pk": 37, "fields": {"order": 52, "item": 25, "quantity": 1, "size": "7"}}, {"model": "order.orderitem", "pk": 38, "fields": {"order": 53, "item": 25, "quantity": 1, "size": "7"}}, {"model": "order.orderitem", "pk": 39, "fields": {"order": 54, "item": 25, "quantity": 1, "size": "7"}}, {"model": "order.orderitem", "pk": 40, "fields": {"order": 55, "item": 25, "quantity": 1, "size": "7"}}, {"model": "order.orderitem", "pk": 41, "fields": {"order": 56, "item": 25, "quantity": 1, "size": "7"}}, {"model": "order.orderitem", "pk": 42, "fields": {"order": 57, "item": 25, "quantity": 1, "size": "7"}}, {"model": "order.orderitem", "pk": 43, "fields": {"order": 58, "item": 25, "quantity": 1, "size": "7"}}, {"model": "order.orderitem", "pk": 44, "fields": {"order": 59, "item": 25, "quantity": 1, "size": "7"}}, {"model": "order.orderitem", "pk": 45, "fields": {"order": 60, "item": 25, "quantity": 1, "size": "7"}}, {"model": "order.orderitem", "pk": 46, "fields": {"order": 61, "item": 25, "quantity": 1, "size": "7"}}, {"model": "order.orderitem", "pk": 47, "fields": {"order": 62, "item": 25, "quantity": 1, "size": "7"}}, {"model": "order.orderitem", "pk": 48, "fields": {"order": 63, "item": 25, "quantity": 1, "size": "7"}}, {"model": "order.orderitem", "pk": 49, "fields": {"order": 66, "item": 25, "quantity": 1, "size": "8"}}, {"model": "order.orderitem", "pk": 50, "fields": {"order": 67, "item": 25, "quantity": 1, "size": "8"}}, {"model": "order.orderitem", "pk": 51, "fields": {"order": 67, "item": 26, "quantity": 1, "size": "11"}}, {"model": "order.orderitem", "pk": 52, "fields": {"order": 68, "item": 25, "quantity": 1, "size": "8"}}, {"model": "order.orderitem", "pk": 53, "fields": {"order": 68, "item": 26, "quantity": 1, "size": "11"}}, {"model": "order.orderitem", "pk": 54, "fields": {"order": 69, "item": 25, "quantity": 1, "size": "8"}}, {"model": "order.orderitem", "pk": 55, "fields": {"order": 69, "item": 26, "quantity": 1, "size": "11"}}, {"model": "order.orderitem", "pk": 56, "fields": {"order": 70, "item": 25, "quantity": 1, "size": "8"}}, {"model": "order.orderitem", "pk": 57, "fields": {"order": 70, "item": 26, "quantity": 1, "size": "11"}}, {"model": "order.orderitem", "pk": 58, "fields": {"order": 71, "item": 25, "quantity": 1, "size": "8"}}, {"model": "order.orderitem", "pk": 59, "fields": {"order": 71, "item": 26, "quantity": 1, "size": "11"}}, {"model": "order.orderitem", "pk": 60, "fields": {"order": 72, "item": 25, "quantity": 1, "size": "8"}}, {"model": "order.orderitem", "pk": 61, "fields": {"order": 72, "item": 26, "quantity": 1, "size": "11"}}, {"model": "order.orderitem", "pk": 62, "fields": {"order": 73, "item": 25, "quantity": 1, "size": "8"}}, {"model": "order.orderitem", "pk": 63, "fields": {"order": 73, "item": 26, "quantity": 1, "size": "11"}}, {"model": "order.orderitem", "pk": 64, "fields": {"order": 74, "item": 25, "quantity": 1, "size": "8"}}, {"model": "order.orderitem", "pk": 65, "fields": {"order": 74, "item": 26, "quantity": 1, "size": "11"}}, {"model": "order.orderitem", "pk": 66, "fields": {"order": 75, "item": 25, "quantity": 1, "size": "8"}}, {"model": "order.orderitem", "pk": 67, "fields": {"order": 75, "item": 26, "quantity": 1, "size": "11"}}, {"model": "order.orderitem", "pk": 68, "fields": {"order": 75, "item": 19, "quantity": 1, "size": "9"}}, {"model": "order.orderitem", "pk": 69, "fields": {"order": 76, "item": 25, "quantity": 1, "size": "8"}}, {"model": "order.orderitem", "pk": 70, "fields": {"order": 76, "item": 26, "quantity": 1, "size": "11"}}, {"model": "order.orderitem", "pk": 71, "fields": {"order": 76, "item": 19, "quantity": 1, "size": "9"}}, {"model": "order.orderitem", "pk": 72, "fields": {"order": 77, "item": 25, "quantity": 1, "size": "8"}}, {"model": "order.orderitem", "pk": 73, "fields": {"order": 77, "item": 26, "quantity": 1, "size": "11"}}, {"model": "order.orderitem", "pk": 74, "fields": {"order": 77, "item": 19, "quantity": 1, "size": "9"}}, {"model": "order.orderitem", "pk": 75, "fields": {"order": 78, "item": 25, "quantity": 1, "size": "8"}}, {"model": "order.orderitem", "pk": 76, "fields": {"order": 78, "item": 26, "quantity": 1, "size": "11"}}, {"model": "order.orderitem", "pk": 77, "fields": {"order": 78, "item": 19, "quantity": 1, "size": "9"}}, {"model": "order.address", "pk": 1, "fields": {"user": null, "name": "fefe", "email": "fefe@fefe.com", "address": "jdskjskjd", "postal": "012", "city": "PTA", "country": "ZA", "guest": false, "address_type": "S", "default": true}}, {"model": "order.address", "pk": 2, "fields": {"user": 2, "name": "fefe", "email": "fefe@fefe.com", "address": "kjskajsas", "postal": "1022", "city": "PTA", "country": "South Africa", "guest": false, "address_type": "S", "default": true}}, {"model": "order.address", "pk": 8, "fields": {"user": null, "name": "admin", "email": "admins@admin.com", "address": "jsalkjslas street", "postal": "1021", "city": "PTA", "country": "South Africa", "guest": true, "address_type": "S", "default": true}}, {"model": "order.address", "pk": 18, "fields": {"user": null, "name": "admin", "email": "admins@admin.com", "address": "jsalkjslas street", "postal": "1021", "city": "PTA", "country": "South Africa", "guest": true, "address_type": "S", "default": true}}, {"model": "order.address", "pk": 19, "fields": {"user": null, "name": "admin", "email": "admins@admin.com", "address": "jsalkjslas street", "postal": "1021", "city": "PTA", "country": "South Africa", "guest": true, "address_type": "S", "default": true}}, {"model": "order.address", "pk": 20, "fields": {"user": null, "name": "admin", "email": "admins@admin.com", "address": "jsalkjslas street", "postal": "1021", "city": "PTA", "country": "South Africa", "guest": true, "address_type": "S", "default": true}}, {"model": "order.address", "pk": 21, "fields": {"user": null, "name": "admin", "email": "admins@adminz.com", "address": "euiweudhsdkdd", "postal": "10211", "city": "PTA", "country": "South Africa", "guest": true, "address_type": "S", "default": true}}, {"model": "order.address", "pk": 22, "fields": {"user": null, "name": "admin", "email": "admins@adminz.com", "address": "euiweudhsdkdd", "postal": "10211", "city": "PTA", "country": "South Africa", "guest": true, "address_type": "S", "default": true}}, {"model": "order.address", "pk": 23, "fields": {"user": null, "name": "admin", "email": "admins@adminz.com", "address": "euiweudhsdkdd", "postal": "10211", "city": "PTA", "country": "South Africa", "guest": true, "address_type": "S", "default": true}}, {"model": "order.address", "pk": 24, "fields": {"user": null, "name": "admin", "email": "admins@adminz.com", "address": "euiweudhsdkdd", "postal": "10211", "city": "PTA", "country": "South Africa", "guest": true, "address_type": "S", "default": true}}, {"model": "order.address", "pk": 25, "fields": {"user": null, "name": "admin", "email": "admins@adminz.com", "address": "euiweudhsdkdd", "postal": "10211", "city": "PTA", "country": "South Africa", "guest": true, "address_type": "S", "default": true}}, {"model": "order.address", "pk": 26, "fields": {"user": null, "name": "admin", "email": "admin@admin.com", "address": "isjaoksas", "postal": "202", "city": "PTA", "country": "ZA", "guest": true, "address_type": "S", "default": true}}, {"model": "order.address", "pk": 27, "fields": {"user": null, "name": "admin", "email": "admin@admin.com", "address": "isjaoksas", "postal": "202", "city": "PTA", "country": "ZA", "guest": true, "address_type": "S", "default": true}}, {"model": "order.address", "pk": 28, "fields": {"user": null, "name": "admin", "email": "admin@admin.com", "address": "isjaoksas", "postal": "202", "city": "PTA", "country": "ZA", "guest": true, "address_type": "S", "default": true}}, {"model": "order.address", "pk": 29, "fields": {"user": null, "name": "admin", "email": "admin@admin.com", "address": "isjaoksas", "postal": "202", "city": "PTA", "country": "ZA", "guest": true, "address_type": "S", "default": true}}, {"model": "order.address", "pk": 30, "fields": {"user": null, "name": "admin", "email": "admin@admin.com", "address": "isjaoksas", "postal": "202", "city": "PTA", "country": "ZA", "guest": true, "address_type": "S", "default": true}}, {"model": "order.address", "pk": 31, "fields": {"user": null, "name": "admin", "email": "admin@admin.com", "address": "isjaoksas", "postal": "202", "city": "PTA", "country": "ZA", "guest": true, "address_type": "S", "default": true}}, {"model": "order.address", "pk": 32, "fields": {"user": null, "name": "admin", "email": "admin@admin.com", "address": "isjaoksas", "postal": "202", "city": "PTA", "country": "ZA", "guest": true, "address_type": "S", "default": true}}, {"model": "order.address", "pk": 33, "fields": {"user": null, "name": "admin", "email": "admin@admin.com", "address": "isjaoksas", "postal": "202", "city": "PTA", "country": "ZA", "guest": true, "address_type": "S", "default": true}}, {"model": "order.address", "pk": 34, "fields": {"user": null, "name": "admin", "email": "admin@admin.com", "address": "isjaoksas", "postal": "202", "city": "PTA", "country": "ZA", "guest": true, "address_type": "S", "default": true}}, {"model": "order.address", "pk": 35, "fields": {"user": null, "name": "admin", "email": "admin@admin.com", "address": "isjaoksas", "postal": "202", "city": "PTA", "country": "ZA", "guest": true, "address_type": "S", "default": true}}, {"model": "order.address", "pk": 36, "fields": {"user": null, "name": "admin", "email": "admin@admin.com", "address": "isjaoksas", "postal": "202", "city": "PTA", "country": "South Africa", "guest": true, "address_type": "S", "default": true}}, {"model": "order.address", "pk": 37, "fields": {"user": null, "name": "admin", "email": "admin@admin.com", "address": "isjaoksas", "postal": "202", "city": "PTA", "country": "South Africa", "guest": true, "address_type": "S", "default": true}}, {"model": "order.address", "pk": 38, "fields": {"user": null, "name": "admiun", "email": "admn@admin.com", "address": "sdksldkjsk", "postal": "sdsd", "city": "sdsd", "country": "assa", "guest": true, "address_type": "S", "default": true}}, {"model": "order.address", "pk": 39, "fields": {"user": null, "name": "admiun", "email": "admn@admin.com", "address": "sdksldkjsk", "postal": "sdsd", "city": "sdsd", "country": "assa", "guest": true, "address_type": "S", "default": true}}, {"model": "order.address", "pk": 40, "fields": {"user": null, "name": "admin", "email": "admin@admin.com", "address": "sjksajdks", "postal": "jshasjjhs", "city": "sdkjaskajas", "country": "South Africa", "guest": true, "address_type": "S", "default": true}}, {"model": "order.address", "pk": 41, "fields": {"user": null, "name": "", "email": "", "address": "", "postal": "", "city": "", "country": "", "guest": true, "address_type": "S", "default": true}}, {"model": "order.address", "pk": 42, "fields": {"user": null, "name": "", "email": "", "address": "", "postal": "", "city": "", "country": "", "guest": true, "address_type": "S", "default": true}}, {"model": "order.address", "pk": 43, "fields": {"user": null, "name": "", "email": "", "address": "", "postal": "", "city": "", "country": "", "guest": true, "address_type": "S", "default": true}}, {"model": "order.address", "pk": 44, "fields": {"user": null, "name": "", "email": "", "address": "", "postal": "", "city": "", "country": "", "guest": true, "address_type": "S", "default": true}}, {"model": "order.address", "pk": 45, "fields": {"user": null, "name": "", "email": "", "address": "", "postal": "", "city": "", "country": "", "guest": true, "address_type": "S", "default": true}}, {"model": "order.address", "pk": 46, "fields": {"user": null, "name": "", "email": "", "address": "", "postal": "", "city": "", "country": "", "guest": true, "address_type": "S", "default": true}}, {"model": "order.address", "pk": 47, "fields": {"user": null, "name": "", "email": "", "address": "", "postal": "", "city": "", "country": "", "guest": true, "address_type": "S", "default": true}}, {"model": "order.address", "pk": 48, "fields": {"user": null, "name": "", "email": "", "address": "", "postal": "", "city": "", "country": "", "guest": true, "address_type": "S", "default": true}}, {"model": "order.address", "pk": 49, "fields": {"user": null, "name": "admin", "email": "admin@admin.com", "address": "sjksajdks", "postal": "jshasjjhs", "city": "sdkjaskajas", "country": "South Africa", "guest": true, "address_type": "S", "default": true}}, {"model": "order.address", "pk": 50, "fields": {"user": null, "name": "admin", "email": "admin@admin.com", "address": "sjksajdks", "postal": "jshasjjhs", "city": "sdkjaskajas", "country": "South Africa", "guest": true, "address_type": "S", "default": true}}, {"model": "order.address", "pk": 51, "fields": {"user": null, "name": "admin", "email": "admin@admin.com", "address": "sjksajdks", "postal": "jshasjjhs", "city": "sdkjaskajas", "country": "South Africa", "guest": true, "address_type": "S", "default": true}}, {"model": "order.address", "pk": 52, "fields": {"user": null, "name": "admin", "email": "admin@admin.com", "address": "sjksajdks", "postal": "jshasjjhs", "city": "sdkjaskajas", "country": "South Africa", "guest": true, "address_type": "S", "default": true}}]